company_id,year,cfo_sign,cfi_sign,cff_sign,pattern_label
ABB,2012-12,+,-,-,Reinvestor & Shareholder Returns
ABB,2014-03,+,+,+,Cash Hoarding
ABB,2015-03,-,-,+,Distress / External Funding
ABB,2016-03,+,-,-,Reinvestor & Shareholder Returns
ABB,2017-03,+,-,-,Reinvestor & Shareholder Returns
ABB,2018-03,+,-,+,Growth via External Capital
ABB,2019-03,+,-,+,Growth via External Capital
ABB,2020-03,+,-,+,Growth via External Capital
ABB,2021-03,+,-,-,Reinvestor & Shareholder Returns
ABB,2022-03,+,-,-,Reinvestor & Shareholder Returns
ABB,2023-03,+,-,+,Growth via External Capital
ABB,2024-03,+,-,-,Reinvestor & Shareholder Returns
ABB,2024-09,+,-,-,Standard Reinvestor
ADANIENSOL,2014-03,+,+,+,Cash Hoarding
ADANIENSOL,2015-03,-,-,+,Distress / External Funding
ADANIENSOL,2016-03,+,-,-,Reinvestor & Shareholder Returns
ADANIENSOL,2017-03,+,-,-,Reinvestor & Shareholder Returns
ADANIENSOL,2018-03,+,-,+,Growth via External Capital
ADANIENSOL,2019-03,+,-,+,Growth via External Capital
ADANIENSOL,2020-03,+,-,+,Growth via External Capital
ADANIENSOL,2021-03,+,-,-,Reinvestor & Shareholder Returns
ADANIENSOL,2022-03,+,-,-,Reinvestor & Shareholder Returns
ADANIENSOL,2023-03,+,-,+,Growth via External Capital
ADANIENSOL,2024-03,+,-,-,Reinvestor & Shareholder Returns
ADANIENSOL,2024-09,+,-,-,Standard Reinvestor
ADANIENT,2013-03,+,-,+,Growth via External Capital
ADANIENT,2014-03,+,-,-,Reinvestor & Shareholder Returns
ADANIENT,2015-03,+,-,+,Growth via External Capital
ADANIENT,2016-03,+,-,-,Reinvestor & Shareholder Returns
ADANIENT,2017-03,+,-,+,Growth via External Capital
ADANIENT,2018-03,+,-,+,Growth via External Capital
ADANIENT,2019-03,+,+,-,Divestment & Debt Repayment
ADANIENT,2020-03,+,-,-,Reinvestor & Shareholder Returns
ADANIENT,2021-03,+,-,+,Growth via External Capital
ADANIENT,2022-03,+,-,+,Growth via External Capital
ADANIENT,2023-03,+,-,-,Reinvestor & Shareholder Returns
ADANIENT,2024-03,+,-,+,Growth via External Capital
ADANIENT,2024-09,+,-,-,Standard Reinvestor
ADANIGREEN,2017-03,+,-,+,Growth via External Capital
ADANIGREEN,2018-03,+,-,+,Growth via External Capital
ADANIGREEN,2019-03,+,-,+,Growth via External Capital
ADANIGREEN,2020-03,+,-,+,Growth via External Capital
ADANIGREEN,2021-03,+,-,+,Growth via External Capital
ADANIGREEN,2022-03,+,-,+,Growth via External Capital
ADANIGREEN,2023-03,+,-,-,Reinvestor & Shareholder Returns
ADANIGREEN,2024-03,+,-,+,Growth via External Capital
ADANIGREEN,2024-09,+,-,-,Standard Reinvestor
ADANIPORTS,2013-03,+,-,+,Growth via External Capital
ADANIPORTS,2014-03,+,-,+,Growth via External Capital
ADANIPORTS,2015-03,+,-,-,Reinvestor & Shareholder Returns
ADANIPORTS,2016-03,+,-,+,Growth via External Capital
ADANIPORTS,2017-03,+,-,-,Reinvestor & Shareholder Returns
ADANIPORTS,2018-03,+,-,-,Reinvestor & Shareholder Returns
ADANIPORTS,2019-03,+,-,+,Growth via External Capital
ADANIPORTS,2020-03,+,-,-,Reinvestor & Shareholder Returns
ADANIPORTS,2021-03,+,-,+,Growth via External Capital
ADANIPORTS,2022-03,+,-,-,Reinvestor & Shareholder Returns
ADANIPORTS,2023-03,+,-,-,Reinvestor & Shareholder Returns
ADANIPORTS,2024-03,+,-,-,Reinvestor & Shareholder Returns
ADANIPORTS,2024-09,+,-,-,Standard Reinvestor
ADANIPOWER,2013-03,+,-,+,Growth via External Capital
ADANIPOWER,2014-03,+,-,+,Growth via External Capital
ADANIPOWER,2015-03,+,-,-,Reinvestor & Shareholder Returns
ADANIPOWER,2016-03,+,-,-,Reinvestor & Shareholder Returns
ADANIPOWER,2017-03,+,-,-,Reinvestor & Shareholder Returns
ADANIPOWER,2018-03,+,-,-,Reinvestor & Shareholder Returns
ADANIPOWER,2019-03,+,-,-,Reinvestor & Shareholder Returns
ADANIPOWER,2020-03,+,-,-,Reinvestor & Shareholder Returns
ADANIPOWER,2021-03,+,-,-,Reinvestor & Shareholder Returns
ADANIPOWER,2022-03,+,+,-,Divestment & Debt Repayment
ADANIPOWER,2023-03,+,+,-,Divestment & Debt Repayment
ADANIPOWER,2024-03,+,+,-,Divestment & Debt Repayment
ADANIPOWER,2024-09,+,-,-,Standard Reinvestor
AMBUJACEM,2012-12,+,-,-,Reinvestor & Shareholder Returns
AMBUJACEM,2013-12,+,-,-,Reinvestor & Shareholder Returns
AMBUJACEM,2014-12,+,-,-,Reinvestor & Shareholder Returns
AMBUJACEM,2015-12,+,-,-,Reinvestor & Shareholder Returns
AMBUJACEM,2016-12,+,-,-,Reinvestor & Shareholder Returns
AMBUJACEM,2017-12,+,-,-,Reinvestor & Shareholder Returns
AMBUJACEM,2018-12,+,-,-,Reinvestor & Shareholder Returns
AMBUJACEM,2019-12,+,-,-,Reinvestor & Shareholder Returns
AMBUJACEM,2020-12,+,-,-,Reinvestor & Shareholder Returns
AMBUJACEM,2021-12,+,-,-,Reinvestor & Shareholder Returns
AMBUJACEM,2023-03,+,-,+,Growth via External Capital
AMBUJACEM,2024-03,+,-,+,Growth via External Capital
AMBUJACEM,2024-09,+,-,-,Standard Reinvestor
APOLLOHOSP,2013-03,+,-,+,Growth via External Capital
APOLLOHOSP,2014-03,+,-,-,Reinvestor & Shareholder Returns
APOLLOHOSP,2015-03,+,-,+,Growth via External Capital
APOLLOHOSP,2016-03,+,-,+,Growth via External Capital
APOLLOHOSP,2017-03,+,-,+,Growth via External Capital
APOLLOHOSP,2018-03,+,-,-,Reinvestor & Shareholder Returns
APOLLOHOSP,2019-03,+,-,-,Reinvestor & Shareholder Returns
APOLLOHOSP,2020-03,+,-,-,Reinvestor & Shareholder Returns
APOLLOHOSP,2021-03,+,-,-,Reinvestor & Shareholder Returns
APOLLOHOSP,2022-03,+,-,-,Reinvestor & Shareholder Returns
APOLLOHOSP,2023-03,+,-,-,Reinvestor & Shareholder Returns
APOLLOHOSP,2024-03,+,-,-,Reinvestor & Shareholder Returns
APOLLOHOSP,2024-09,+,-,-,Standard Reinvestor
ASIANPAINT,2013-03,+,-,-,Reinvestor & Shareholder Returns
ASIANPAINT,2014-03,+,-,-,Reinvestor & Shareholder Returns
ASIANPAINT,2015-03,+,-,-,Reinvestor & Shareholder Returns
ASIANPAINT,2016-03,+,-,-,Reinvestor & Shareholder Returns
ASIANPAINT,2017-03,+,-,-,Reinvestor & Shareholder Returns
ASIANPAINT,2018-03,+,-,-,Reinvestor & Shareholder Returns
ASIANPAINT,2019-03,+,-,-,Reinvestor & Shareholder Returns
ASIANPAINT,2020-03,+,-,-,Reinvestor & Shareholder Returns
ASIANPAINT,2021-03,+,-,-,Reinvestor & Shareholder Returns
ASIANPAINT,2022-03,+,-,-,Reinvestor & Shareholder Returns
ASIANPAINT,2023-03,+,-,-,Reinvestor & Shareholder Returns
ASIANPAINT,2024-03,+,-,-,Reinvestor & Shareholder Returns
ASIANPAINT,2024-09,+,-,-,Standard Reinvestor
ATGL,2018-03,+,-,-,Standard Reinvestor
ATGL,2019-03,+,-,-,Standard Reinvestor
ATGL,2020-03,+,-,-,Standard Reinvestor
ATGL,2021-03,+,-,-,Standard Reinvestor
ATGL,2022-03,+,-,-,Standard Reinvestor
ATGL,2023-03,+,-,-,Standard Reinvestor
ATGL,2024-03,+,-,-,Standard Reinvestor
ATGL,2024-09,+,-,-,Standard Reinvestor
AXISBANK,2013-03,+,-,+,Growth via External Capital
AXISBANK,2014-03,+,-,+,Growth via External Capital
AXISBANK,2015-03,-,-,+,Distress / External Funding
AXISBANK,2016-03,-,+,+,Asset Sale & Debt Funding
AXISBANK,2017-03,+,-,-,Reinvestor & Shareholder Returns
AXISBANK,2018-03,-,-,+,Distress / External Funding
AXISBANK,2019-03,+,-,+,Growth via External Capital
AXISBANK,2020-03,+,-,+,Growth via External Capital
AXISBANK,2021-03,+,-,+,Growth via External Capital
AXISBANK,2022-03,+,-,+,Growth via External Capital
AXISBANK,2023-03,+,-,+,Growth via External Capital
AXISBANK,2024-03,-,-,+,Distress / External Funding
BAJAJ-AUTO,2013-03,+,-,-,Reinvestor & Shareholder Returns
BAJAJ-AUTO,2014-03,+,-,-,Reinvestor & Shareholder Returns
BAJAJ-AUTO,2015-03,+,-,-,Reinvestor & Shareholder Returns
BAJAJ-AUTO,2016-03,+,-,-,Reinvestor & Shareholder Returns
BAJAJ-AUTO,2017-03,+,-,-,Reinvestor & Shareholder Returns
BAJAJ-AUTO,2018-03,+,-,-,Reinvestor & Shareholder Returns
BAJAJ-AUTO,2019-03,+,-,-,Reinvestor & Shareholder Returns
BAJAJ-AUTO,2020-03,+,+,-,Divestment & Debt Repayment
BAJAJ-AUTO,2021-03,+,-,-,Reinvestor & Shareholder Returns
BAJAJ-AUTO,2022-03,+,+,-,Divestment & Debt Repayment
BAJAJ-AUTO,2023-03,+,+,-,Divestment & Debt Repayment
BAJAJ-AUTO,2024-03,+,-,-,Reinvestor & Shareholder Returns
BAJAJ-AUTO,2024-09,+,-,-,Standard Reinvestor
BAJAJFINSV,2013-03,-,+,+,Asset Sale & Debt Funding
BAJAJFINSV,2014-03,-,+,+,Asset Sale & Debt Funding
BAJAJFINSV,2015-03,-,+,+,Asset Sale & Debt Funding
BAJAJFINSV,2016-03,-,-,+,Distress / External Funding
BAJAJFINSV,2017-03,-,+,+,Asset Sale & Debt Funding
BAJAJFINSV,2018-03,-,-,+,Distress / External Funding
BAJAJFINSV,2019-03,-,-,+,Distress / External Funding
BAJAJFINSV,2020-03,-,-,+,Distress / External Funding
BAJAJFINSV,2021-03,+,-,+,Growth via External Capital
BAJAJFINSV,2022-03,-,+,+,Asset Sale & Debt Funding
BAJAJFINSV,2023-03,-,-,+,Distress / External Funding
BAJAJFINSV,2024-03,-,-,+,Distress / External Funding
BAJAJFINSV,2024-09,+,-,-,Standard Reinvestor
BAJAJHLDNG,2013-03,+,-,-,Reinvestor & Shareholder Returns
BAJAJHLDNG,2014-03,+,-,-,Reinvestor & Shareholder Returns
BAJAJHLDNG,2015-03,+,-,-,Reinvestor & Shareholder Returns
BAJAJHLDNG,2016-03,+,+,-,Divestment & Debt Repayment
BAJAJHLDNG,2017-03,-,-,-,Rapid Cash Burn
BAJAJHLDNG,2018-03,+,-,-,Reinvestor & Shareholder Returns
BAJAJHLDNG,2019-03,+,-,-,Reinvestor & Shareholder Returns
BAJAJHLDNG,2020-03,+,-,-,Reinvestor & Shareholder Returns
BAJAJHLDNG,2021-03,+,-,-,Reinvestor & Shareholder Returns
BAJAJHLDNG,2022-03,+,-,-,Reinvestor & Shareholder Returns
BAJAJHLDNG,2023-03,+,-,-,Reinvestor & Shareholder Returns
BAJAJHLDNG,2024-03,+,-,-,Reinvestor & Shareholder Returns
BAJAJHLDNG,2024-09,+,-,-,Standard Reinvestor
BAJFINANCE,2015-03,-,-,+,Distress / External Funding
BAJFINANCE,2016-03,-,-,+,Distress / External Funding
BAJFINANCE,2017-03,-,-,+,Distress / External Funding
BAJFINANCE,2018-03,-,+,+,Asset Sale & Debt Funding
BAJFINANCE,2019-03,-,-,+,Distress / External Funding
BAJFINANCE,2020-03,-,-,+,Distress / External Funding
BAJFINANCE,2021-03,-,-,+,Distress / External Funding
BAJFINANCE,2022-03,-,+,+,Asset Sale & Debt Funding
BAJFINANCE,2023-03,-,-,+,Distress / External Funding
BAJFINANCE,2024-03,-,-,+,Distress / External Funding
BAJFINANCE,2024-09,+,-,-,Standard Reinvestor
BANKBARODA,2013-03,+,-,-,Reinvestor & Shareholder Returns
BANKBARODA,2014-03,+,-,+,Growth via External Capital
BANKBARODA,2015-03,+,-,-,Reinvestor & Shareholder Returns
BANKBARODA,2016-03,-,-,-,Rapid Cash Burn
BANKBARODA,2017-03,+,-,-,Reinvestor & Shareholder Returns
BANKBARODA,2018-03,-,-,+,Distress / External Funding
BANKBARODA,2019-03,-,-,+,Distress / External Funding
BANKBARODA,2020-03,+,-,+,Growth via External Capital
BANKBARODA,2021-03,-,-,-,Rapid Cash Burn
BANKBARODA,2022-03,+,-,-,Reinvestor & Shareholder Returns
BANKBARODA,2023-03,-,-,-,Rapid Cash Burn
BANKBARODA,2024-03,-,-,+,Distress / External Funding
BEL,2013-03,-,+,-,Restructuring & Contraction
BEL,2014-03,-,+,-,Restructuring & Contraction
BEL,2015-03,+,-,-,Reinvestor & Shareholder Returns
BEL,2016-03,+,-,-,Reinvestor & Shareholder Returns
BEL,2017-03,-,+,-,Restructuring & Contraction
BEL,2018-03,-,-,-,Rapid Cash Burn
BEL,2019-03,+,-,-,Reinvestor & Shareholder Returns
BEL,2020-03,+,-,-,Reinvestor & Shareholder Returns
BEL,2021-03,+,-,-,Reinvestor & Shareholder Returns
BEL,2022-03,+,-,-,Reinvestor & Shareholder Returns
BEL,2023-03,+,+,-,Divestment & Debt Repayment
BEL,2024-03,+,-,-,Reinvestor & Shareholder Returns
BEL,2024-09,+,-,-,Standard Reinvestor
BHARTIARTL,2013-03,+,-,-,Reinvestor & Shareholder Returns
BHARTIARTL,2014-03,+,-,+,Growth via External Capital
BHARTIARTL,2015-03,+,-,-,Reinvestor & Shareholder Returns
BHARTIARTL,2016-03,+,-,-,Reinvestor & Shareholder Returns
BHARTIARTL,2017-03,+,-,-,Reinvestor & Shareholder Returns
BHARTIARTL,2018-03,+,-,+,Growth via External Capital
BHARTIARTL,2019-03,+,-,+,Growth via External Capital
BHARTIARTL,2020-03,+,-,+,Growth via External Capital
BHARTIARTL,2021-03,+,-,-,Reinvestor & Shareholder Returns
BHARTIARTL,2022-03,+,-,-,Reinvestor & Shareholder Returns
BHARTIARTL,2023-03,+,-,-,Reinvestor & Shareholder Returns
BHARTIARTL,2024-03,+,-,-,Reinvestor & Shareholder Returns
BHARTIARTL,2024-09,+,-,-,Standard Reinvestor
BHEL,2013-03,+,-,+,Growth via External Capital
BHEL,2014-03,+,-,+,Growth via External Capital
BHEL,2015-03,+,+,-,Divestment & Debt Repayment
BHEL,2016-03,+,+,-,Divestment & Debt Repayment
BHEL,2017-03,+,-,-,Reinvestor & Shareholder Returns
BHEL,2018-03,+,+,-,Divestment & Debt Repayment
BHEL,2019-03,-,+,-,Restructuring & Contraction
BHEL,2020-03,-,+,+,Asset Sale & Debt Funding
BHEL,2021-03,+,-,-,Reinvestor & Shareholder Returns
BHEL,2022-03,+,-,-,Reinvestor & Shareholder Returns
BHEL,2023-03,-,+,+,Asset Sale & Debt Funding
BHEL,2024-03,-,+,+,Asset Sale & Debt Funding
BHEL,2024-09,+,-,-,Standard Reinvestor
BOSCHLTD,2012-12,+,-,-,Reinvestor & Shareholder Returns
BOSCHLTD,2013-12,+,-,-,Reinvestor & Shareholder Returns
BOSCHLTD,2015-03,+,-,-,Reinvestor & Shareholder Returns
BOSCHLTD,2016-03,+,-,-,Reinvestor & Shareholder Returns
BOSCHLTD,2017-03,+,+,-,Divestment & Debt Repayment
BOSCHLTD,2018-03,+,-,-,Reinvestor & Shareholder Returns
BOSCHLTD,2019-03,+,+,-,Divestment & Debt Repayment
BOSCHLTD,2020-03,+,-,-,Reinvestor & Shareholder Returns
BOSCHLTD,2021-03,+,-,-,Reinvestor & Shareholder Returns
BOSCHLTD,2022-03,+,-,-,Reinvestor & Shareholder Returns
BOSCHLTD,2023-03,+,+,-,Divestment & Debt Repayment
BOSCHLTD,2024-03,+,+,-,Divestment & Debt Repayment
BOSCHLTD,2024-09,+,-,-,Standard Reinvestor
BPCL,2013-03,+,-,-,Reinvestor & Shareholder Returns
BPCL,2014-03,+,-,-,Reinvestor & Shareholder Returns
BPCL,2015-03,+,-,-,Reinvestor & Shareholder Returns
BPCL,2016-03,+,-,-,Reinvestor & Shareholder Returns
BPCL,2017-03,+,-,+,Growth via External Capital
BPCL,2018-03,+,-,-,Reinvestor & Shareholder Returns
BPCL,2019-03,+,-,+,Growth via External Capital
BPCL,2020-03,+,-,+,Growth via External Capital
BPCL,2021-03,+,-,-,Reinvestor & Shareholder Returns
BPCL,2022-03,+,-,-,Reinvestor & Shareholder Returns
BPCL,2023-03,+,-,-,Reinvestor & Shareholder Returns
BPCL,2024-03,+,-,-,Reinvestor & Shareholder Returns
BPCL,2024-09,+,-,-,Standard Reinvestor
BRITANNIA,2013-03,+,+,-,Divestment & Debt Repayment
BRITANNIA,2014-03,+,-,-,Reinvestor & Shareholder Returns
BRITANNIA,2015-03,+,-,-,Reinvestor & Shareholder Returns
BRITANNIA,2016-03,+,-,-,Reinvestor & Shareholder Returns
BRITANNIA,2017-03,+,-,-,Reinvestor & Shareholder Returns
BRITANNIA,2018-03,+,-,-,Reinvestor & Shareholder Returns
BRITANNIA,2019-03,+,-,-,Reinvestor & Shareholder Returns
BRITANNIA,2020-03,+,-,+,Growth via External Capital
BRITANNIA,2021-03,+,+,-,Divestment & Debt Repayment
BRITANNIA,2022-03,+,+,-,Divestment & Debt Repayment
BRITANNIA,2023-03,+,-,-,Reinvestor & Shareholder Returns
BRITANNIA,2024-03,+,+,-,Divestment & Debt Repayment
BRITANNIA,2024-09,+,-,-,Standard Reinvestor
CANBK,2013-03,+,-,-,Reinvestor & Shareholder Returns
CANBK,2014-03,+,-,-,Reinvestor & Shareholder Returns
CANBK,2015-03,+,-,-,Reinvestor & Shareholder Returns
CANBK,2016-03,+,-,-,Reinvestor & Shareholder Returns
CANBK,2017-03,+,-,+,Growth via External Capital
CANBK,2018-03,-,-,+,Distress / External Funding
CANBK,2019-03,+,-,-,Reinvestor & Shareholder Returns
CANBK,2020-03,-,-,+,Distress / External Funding
CANBK,2021-03,+,-,+,Growth via External Capital
CANBK,2022-03,+,-,+,Growth via External Capital
CANBK,2023-03,-,-,+,Distress / External Funding
CANBK,2024-03,+,-,-,Reinvestor & Shareholder Returns
CHOLAFIN,2013-03,-,+,+,Asset Sale & Debt Funding
CHOLAFIN,2014-03,-,-,+,Distress / External Funding
CHOLAFIN,2015-03,-,-,+,Distress / External Funding
CHOLAFIN,2016-03,-,-,+,Distress / External Funding
CHOLAFIN,2017-03,-,-,+,Distress / External Funding
CHOLAFIN,2018-03,-,-,+,Distress / External Funding
CHOLAFIN,2019-03,-,-,+,Distress / External Funding
CHOLAFIN,2020-03,-,-,+,Distress / External Funding
CHOLAFIN,2021-03,-,-,+,Distress / External Funding
CHOLAFIN,2022-03,-,+,+,Asset Sale & Debt Funding
CHOLAFIN,2023-03,-,-,+,Distress / External Funding
CHOLAFIN,2024-03,-,-,+,Distress / External Funding
CHOLAFIN,2024-09,+,-,-,Standard Reinvestor
CIPLA,2013-03,+,-,+,Growth via External Capital
CIPLA,2014-03,+,-,-,Reinvestor & Shareholder Returns
CIPLA,2015-03,+,-,+,Growth via External Capital
CIPLA,2016-03,+,-,+,Growth via External Capital
CIPLA,2017-03,+,-,-,Reinvestor & Shareholder Returns
CIPLA,2018-03,+,-,-,Reinvestor & Shareholder Returns
CIPLA,2019-03,+,-,-,Reinvestor & Shareholder Returns
CIPLA,2020-03,+,+,-,Divestment & Debt Repayment
CIPLA,2021-03,+,-,-,Reinvestor & Shareholder Returns
CIPLA,2022-03,+,-,-,Reinvestor & Shareholder Returns
CIPLA,2023-03,+,-,-,Reinvestor & Shareholder Returns
CIPLA,2024-03,+,-,-,Reinvestor & Shareholder Returns
CIPLA,2024-09,+,-,-,Standard Reinvestor
COALINDIA,2013-03,+,-,-,Reinvestor & Shareholder Returns
COALINDIA,2014-03,+,+,-,Divestment & Debt Repayment
COALINDIA,2015-03,+,+,-,Divestment & Debt Repayment
COALINDIA,2016-03,+,+,-,Divestment & Debt Repayment
COALINDIA,2017-03,+,+,-,Divestment & Debt Repayment
COALINDIA,2018-03,+,-,-,Reinvestor & Shareholder Returns
COALINDIA,2019-03,+,-,-,Reinvestor & Shareholder Returns
COALINDIA,2020-03,+,+,-,Divestment & Debt Repayment
COALINDIA,2021-03,+,+,-,Divestment & Debt Repayment
COALINDIA,2022-03,+,-,-,Reinvestor & Shareholder Returns
COALINDIA,2023-03,+,-,-,Reinvestor & Shareholder Returns
COALINDIA,2024-03,+,-,-,Reinvestor & Shareholder Returns
COALINDIA,2024-09,+,-,-,Standard Reinvestor
DABUR,2013-03,+,-,-,Reinvestor & Shareholder Returns
DABUR,2014-03,+,-,-,Reinvestor & Shareholder Returns
DABUR,2015-03,+,-,-,Reinvestor & Shareholder Returns
DABUR,2016-03,+,-,-,Reinvestor & Shareholder Returns
DABUR,2017-03,+,-,-,Reinvestor & Shareholder Returns
DABUR,2018-03,+,-,-,Reinvestor & Shareholder Returns
DABUR,2019-03,+,+,-,Divestment & Debt Repayment
DABUR,2020-03,+,-,-,Reinvestor & Shareholder Returns
DABUR,2021-03,+,-,-,Reinvestor & Shareholder Returns
DABUR,2022-03,+,-,-,Reinvestor & Shareholder Returns
DABUR,2023-03,+,-,-,Reinvestor & Shareholder Returns
DABUR,2024-03,+,-,-,Reinvestor & Shareholder Returns
DABUR,2024-09,+,-,-,Standard Reinvestor
DIVISLAB,2013-03,+,-,-,Reinvestor & Shareholder Returns
DIVISLAB,2014-03,+,-,-,Reinvestor & Shareholder Returns
DIVISLAB,2015-03,+,-,-,Reinvestor & Shareholder Returns
DIVISLAB,2016-03,+,-,-,Reinvestor & Shareholder Returns
DIVISLAB,2017-03,+,-,+,Growth via External Capital
DIVISLAB,2018-03,+,-,-,Reinvestor & Shareholder Returns
DIVISLAB,2019-03,+,-,-,Reinvestor & Shareholder Returns
DIVISLAB,2020-03,+,-,-,Reinvestor & Shareholder Returns
DIVISLAB,2021-03,+,+,-,Divestment & Debt Repayment
DIVISLAB,2022-03,+,-,-,Reinvestor & Shareholder Returns
DIVISLAB,2023-03,+,-,-,Reinvestor & Shareholder Returns
DIVISLAB,2024-03,+,-,-,Reinvestor & Shareholder Returns
DIVISLAB,2024-09,+,-,-,Standard Reinvestor
DLF,2013-03,+,+,-,Divestment & Debt Repayment
DLF,2014-03,+,+,-,Divestment & Debt Repayment
DLF,2015-03,+,+,-,Divestment & Debt Repayment
DLF,2016-03,+,-,-,Reinvestor & Shareholder Returns
DLF,2017-03,-,+,+,Asset Sale & Debt Funding
DLF,2018-03,+,-,-,Reinvestor & Shareholder Returns
DLF,2019-03,+,+,+,Cash Hoarding
DLF,2020-03,+,+,-,Divestment & Debt Repayment
DLF,2021-03,+,+,-,Divestment & Debt Repayment
DLF,2022-03,+,+,-,Divestment & Debt Repayment
DLF,2023-03,+,-,-,Reinvestor & Shareholder Returns
DLF,2024-03,+,-,+,Growth via External Capital
DLF,2024-09,+,-,-,Standard Reinvestor
DMART,2013-03,+,-,+,Growth via External Capital
DMART,2014-03,+,-,+,Growth via External Capital
DMART,2015-03,+,-,+,Growth via External Capital
DMART,2016-03,+,-,+,Growth via External Capital
DMART,2017-03,+,-,+,Growth via External Capital
DMART,2018-03,+,+,-,Divestment & Debt Repayment
DMART,2019-03,+,-,+,Growth via External Capital
DMART,2020-03,+,-,+,Growth via External Capital
DMART,2021-03,+,-,-,Reinvestor & Shareholder Returns
DMART,2022-03,+,-,-,Reinvestor & Shareholder Returns
DMART,2023-03,+,-,-,Reinvestor & Shareholder Returns
DMART,2024-03,+,-,-,Reinvestor & Shareholder Returns
DMART,2024-09,+,-,-,Standard Reinvestor
DRREDDY,2013-03,+,-,-,Reinvestor & Shareholder Returns
DRREDDY,2014-03,+,-,-,Reinvestor & Shareholder Returns
DRREDDY,2015-03,+,-,-,Reinvestor & Shareholder Returns
DRREDDY,2016-03,+,-,-,Reinvestor & Shareholder Returns
DRREDDY,2017-03,+,-,-,Reinvestor & Shareholder Returns
DRREDDY,2018-03,+,-,-,Reinvestor & Shareholder Returns
DRREDDY,2019-03,+,-,-,Reinvestor & Shareholder Returns
DRREDDY,2020-03,+,-,-,Reinvestor & Shareholder Returns
DRREDDY,2021-03,+,-,-,Reinvestor & Shareholder Returns
DRREDDY,2022-03,+,-,-,Reinvestor & Shareholder Returns
DRREDDY,2023-03,+,-,-,Reinvestor & Shareholder Returns
DRREDDY,2024-03,+,-,-,Reinvestor & Shareholder Returns
DRREDDY,2024-09,+,-,-,Standard Reinvestor
EICHERMOT,2012-12,+,-,-,Reinvestor & Shareholder Returns
EICHERMOT,2013-12,+,-,-,Reinvestor & Shareholder Returns
EICHERMOT,2014-12,+,-,-,Reinvestor & Shareholder Returns
EICHERMOT,2016-03,+,-,-,Reinvestor & Shareholder Returns
EICHERMOT,2017-03,+,-,+,Growth via External Capital
EICHERMOT,2018-03,+,-,-,Reinvestor & Shareholder Returns
EICHERMOT,2019-03,+,-,-,Reinvestor & Shareholder Returns
EICHERMOT,2020-03,+,-,-,Reinvestor & Shareholder Returns
EICHERMOT,2021-03,+,-,-,Reinvestor & Shareholder Returns
EICHERMOT,2022-03,+,-,-,Reinvestor & Shareholder Returns
EICHERMOT,2023-03,+,-,-,Reinvestor & Shareholder Returns
EICHERMOT,2024-03,+,-,-,Reinvestor & Shareholder Returns
EICHERMOT,2024-09,+,-,-,Standard Reinvestor
GAIL,2013-03,+,-,+,Growth via External Capital
GAIL,2014-03,+,-,-,Reinvestor & Shareholder Returns
GAIL,2015-03,+,-,-,Reinvestor & Shareholder Returns
GAIL,2016-03,+,-,-,Reinvestor & Shareholder Returns
GAIL,2017-03,+,-,-,Reinvestor & Shareholder Returns
GAIL,2018-03,+,-,-,Reinvestor & Shareholder Returns
GAIL,2019-03,+,-,-,Reinvestor & Shareholder Returns
GAIL,2020-03,+,-,+,Growth via External Capital
GAIL,2021-03,+,-,-,Reinvestor & Shareholder Returns
GAIL,2022-03,+,-,-,Reinvestor & Shareholder Returns
GAIL,2023-03,+,-,+,Growth via External Capital
GAIL,2024-03,+,-,-,Reinvestor & Shareholder Returns
GAIL,2024-09,+,-,-,Standard Reinvestor
GODREJCP,2013-03,+,-,+,Growth via External Capital
GODREJCP,2014-03,+,-,-,Reinvestor & Shareholder Returns
GODREJCP,2015-03,+,-,-,Reinvestor & Shareholder Returns
GODREJCP,2016-03,+,-,-,Reinvestor & Shareholder Returns
GODREJCP,2017-03,+,-,+,Growth via External Capital
GODREJCP,2018-03,+,-,-,Reinvestor & Shareholder Returns
GODREJCP,2019-03,+,+,-,Divestment & Debt Repayment
GODREJCP,2020-03,+,-,-,Reinvestor & Shareholder Returns
GODREJCP,2021-03,+,-,-,Reinvestor & Shareholder Returns
GODREJCP,2022-03,+,-,-,Reinvestor & Shareholder Returns
GODREJCP,2023-03,+,-,-,Reinvestor & Shareholder Returns
GODREJCP,2024-03,+,-,+,Growth via External Capital
GODREJCP,2024-09,+,-,-,Standard Reinvestor
GRASIM,2013-03,+,-,+,Growth via External Capital
GRASIM,2014-03,+,-,-,Reinvestor & Shareholder Returns
GRASIM,2015-03,+,-,-,Reinvestor & Shareholder Returns
GRASIM,2016-03,+,-,-,Reinvestor & Shareholder Returns
GRASIM,2017-03,+,-,-,Reinvestor & Shareholder Returns
GRASIM,2018-03,-,+,+,Asset Sale & Debt Funding
GRASIM,2019-03,-,-,+,Distress / External Funding
GRASIM,2020-03,+,-,-,Reinvestor & Shareholder Returns
GRASIM,2021-03,+,-,-,Reinvestor & Shareholder Returns
GRASIM,2022-03,+,-,-,Reinvestor & Shareholder Returns
GRASIM,2023-03,-,-,+,Distress / External Funding
GRASIM,2024-03,-,-,+,Distress / External Funding
GRASIM,2024-09,+,-,-,Standard Reinvestor
HAL,2013-03,+,-,-,Standard Reinvestor
HAL,2014-03,+,-,-,Standard Reinvestor
HAL,2015-03,+,-,-,Standard Reinvestor
HAL,2016-03,+,-,-,Standard Reinvestor
HAL,2017-03,-,+,-,Restructuring & Contraction
HAL,2018-03,-,+,-,Restructuring & Contraction
HAL,2019-03,-,+,+,Asset Sale & Debt Funding
HAL,2020-03,+,-,+,Growth via External Capital
HAL,2021-03,+,-,-,Reinvestor & Shareholder Returns
HAL,2022-03,+,-,-,Reinvestor & Shareholder Returns
HAL,2023-03,+,-,-,Reinvestor & Shareholder Returns
HAL,2024-03,+,-,-,Reinvestor & Shareholder Returns
HAL,2024-09,+,-,-,Standard Reinvestor
HAVELLS,2013-03,+,-,-,Reinvestor & Shareholder Returns
HAVELLS,2014-03,+,-,-,Reinvestor & Shareholder Returns
HAVELLS,2015-03,+,-,-,Reinvestor & Shareholder Returns
HAVELLS,2016-03,+,-,-,Reinvestor & Shareholder Returns
HAVELLS,2017-03,+,-,-,Reinvestor & Shareholder Returns
HAVELLS,2018-03,+,-,-,Reinvestor & Shareholder Returns
HAVELLS,2019-03,+,+,-,Divestment & Debt Repayment
HAVELLS,2020-03,+,-,-,Reinvestor & Shareholder Returns
HAVELLS,2021-03,+,-,+,Growth via External Capital
HAVELLS,2022-03,+,-,-,Reinvestor & Shareholder Returns
HAVELLS,2023-03,+,+,-,Divestment & Debt Repayment
HAVELLS,2024-03,+,-,-,Reinvestor & Shareholder Returns
HAVELLS,2024-09,+,-,-,Standard Reinvestor
HCLTECH,2013-06,+,-,-,Reinvestor & Shareholder Returns
HCLTECH,2014-06,+,-,-,Reinvestor & Shareholder Returns
HCLTECH,2015-06,+,-,-,Reinvestor & Shareholder Returns
HCLTECH,2016-03,+,-,-,Reinvestor & Shareholder Returns
HCLTECH,2017-03,+,-,-,Reinvestor & Shareholder Returns
HCLTECH,2018-03,+,-,-,Reinvestor & Shareholder Returns
HCLTECH,2019-03,+,-,-,Reinvestor & Shareholder Returns
HCLTECH,2020-03,+,-,-,Reinvestor & Shareholder Returns
HCLTECH,2021-03,+,-,-,Reinvestor & Shareholder Returns
HCLTECH,2022-03,+,+,-,Divestment & Debt Repayment
HCLTECH,2023-03,+,-,-,Reinvestor & Shareholder Returns
HCLTECH,2024-03,+,-,-,Reinvestor & Shareholder Returns
HCLTECH,2024-09,+,-,-,Standard Reinvestor
HDFCBANK,2013-03,-,-,+,Distress / External Funding
HDFCBANK,2014-03,+,-,+,Growth via External Capital
HDFCBANK,2015-03,-,-,+,Distress / External Funding
HDFCBANK,2016-03,-,-,+,Distress / External Funding
HDFCBANK,2017-03,+,-,-,Reinvestor & Shareholder Returns
HDFCBANK,2018-03,+,-,+,Growth via External Capital
HDFCBANK,2019-03,-,-,+,Distress / External Funding
HDFCBANK,2020-03,-,-,+,Distress / External Funding
HDFCBANK,2021-03,+,-,-,Reinvestor & Shareholder Returns
HDFCBANK,2022-03,-,-,+,Distress / External Funding
HDFCBANK,2023-03,+,-,+,Growth via External Capital
HDFCBANK,2024-03,+,+,-,Divestment & Debt Repayment
HDFCLIFE,2013-03,+,-,-,Standard Reinvestor
HDFCLIFE,2014-03,+,-,-,Standard Reinvestor
HDFCLIFE,2015-03,+,-,-,Reinvestor & Shareholder Returns
HDFCLIFE,2016-03,+,-,-,Reinvestor & Shareholder Returns
HDFCLIFE,2017-03,+,-,-,Reinvestor & Shareholder Returns
HDFCLIFE,2018-03,+,-,-,Reinvestor & Shareholder Returns
HDFCLIFE,2019-03,+,-,-,Reinvestor & Shareholder Returns
HDFCLIFE,2020-03,+,-,+,Growth via External Capital
HDFCLIFE,2021-03,+,-,+,Growth via External Capital
HDFCLIFE,2022-03,+,-,-,Reinvestor & Shareholder Returns
HDFCLIFE,2023-03,+,-,+,Growth via External Capital
HDFCLIFE,2024-03,+,-,-,Reinvestor & Shareholder Returns
HDFCLIFE,2024-09,+,-,-,Standard Reinvestor
HEROMOTOCO,2014-03,+,-,-,Reinvestor & Shareholder Returns
HEROMOTOCO,2015-03,+,+,-,Divestment & Debt Repayment
HEROMOTOCO,2016-03,+,-,-,Reinvestor & Shareholder Returns
HEROMOTOCO,2017-03,+,-,-,Reinvestor & Shareholder Returns
HEROMOTOCO,2018-03,+,-,-,Reinvestor & Shareholder Returns
HEROMOTOCO,2019-03,+,+,-,Divestment & Debt Repayment
HEROMOTOCO,2020-03,+,-,-,Reinvestor & Shareholder Returns
HEROMOTOCO,2021-03,+,-,-,Reinvestor & Shareholder Returns
HEROMOTOCO,2022-03,+,-,-,Reinvestor & Shareholder Returns
HEROMOTOCO,2023-03,+,-,-,Reinvestor & Shareholder Returns
HEROMOTOCO,2024-03,+,-,-,Reinvestor & Shareholder Returns
HEROMOTOCO,2024-09,+,-,-,Standard Reinvestor
HINDALCO,2013-03,+,-,+,Growth via External Capital
HINDALCO,2014-03,+,-,+,Growth via External Capital
HINDALCO,2015-03,+,-,-,Reinvestor & Shareholder Returns
HINDALCO,2016-03,+,-,-,Reinvestor & Shareholder Returns
HINDALCO,2017-03,+,-,-,Reinvestor & Shareholder Returns
HINDALCO,2018-03,+,+,-,Divestment & Debt Repayment
HINDALCO,2019-03,+,-,-,Reinvestor & Shareholder Returns
HINDALCO,2020-03,+,-,+,Growth via External Capital
HINDALCO,2021-03,+,-,-,Reinvestor & Shareholder Returns
HINDALCO,2022-03,+,-,-,Reinvestor & Shareholder Returns
HINDALCO,2023-03,+,-,-,Reinvestor & Shareholder Returns
HINDALCO,2024-03,+,-,-,Reinvestor & Shareholder Returns
HINDALCO,2024-09,+,-,-,Standard Reinvestor
HINDUNILVR,2013-03,+,+,-,Divestment & Debt Repayment
HINDUNILVR,2014-03,+,-,-,Reinvestor & Shareholder Returns
HINDUNILVR,2015-03,+,+,-,Divestment & Debt Repayment
HINDUNILVR,2016-03,+,-,-,Reinvestor & Shareholder Returns
HINDUNILVR,2017-03,+,-,-,Reinvestor & Shareholder Returns
HINDUNILVR,2018-03,+,-,-,Reinvestor & Shareholder Returns
HINDUNILVR,2019-03,+,-,-,Reinvestor & Shareholder Returns
HINDUNILVR,2020-03,+,+,-,Divestment & Debt Repayment
HINDUNILVR,2021-03,+,-,-,Reinvestor & Shareholder Returns
HINDUNILVR,2022-03,+,-,-,Reinvestor & Shareholder Returns
HINDUNILVR,2023-03,+,-,-,Reinvestor & Shareholder Returns
HINDUNILVR,2024-03,+,-,-,Reinvestor & Shareholder Returns
HINDUNILVR,2024-09,+,-,-,Standard Reinvestor
ICICIBANK,2013-03,+,-,+,Growth via External Capital
ICICIBANK,2014-03,+,-,+,Growth via External Capital
ICICIBANK,2015-03,-,-,+,Distress / External Funding
ICICIBANK,2016-03,+,-,+,Growth via External Capital
ICICIBANK,2017-03,+,-,-,Reinvestor & Shareholder Returns
ICICIBANK,2018-03,+,-,+,Growth via External Capital
ICICIBANK,2019-03,+,-,-,Reinvestor & Shareholder Returns
ICICIBANK,2020-03,+,-,+,Growth via External Capital
ICICIBANK,2021-03,+,-,-,Reinvestor & Shareholder Returns
ICICIBANK,2022-03,+,-,+,Growth via External Capital
ICICIBANK,2023-03,-,-,+,Distress / External Funding
ICICIBANK,2024-03,+,-,+,Growth via External Capital
ICICIGI,2013-03,+,-,+,Growth via External Capital
ICICIGI,2014-03,+,-,+,Growth via External Capital
ICICIGI,2015-03,-,+,-,Restructuring & Contraction
ICICIGI,2016-03,+,-,-,Reinvestor & Shareholder Returns
ICICIGI,2017-03,+,-,+,Growth via External Capital
ICICIGI,2018-03,+,-,-,Reinvestor & Shareholder Returns
ICICIGI,2019-03,+,-,-,Reinvestor & Shareholder Returns
ICICIGI,2020-03,+,-,-,Reinvestor & Shareholder Returns
ICICIGI,2021-03,+,-,-,Reinvestor & Shareholder Returns
ICICIGI,2022-03,+,+,-,Divestment & Debt Repayment
ICICIGI,2023-03,+,-,-,Reinvestor & Shareholder Returns
ICICIGI,2024-03,+,-,-,Reinvestor & Shareholder Returns
ICICIGI,2024-09,+,-,-,Standard Reinvestor
ICICIPRULI,2013-03,-,+,-,Restructuring & Contraction
ICICIPRULI,2014-03,-,+,-,Restructuring & Contraction
ICICIPRULI,2015-03,+,-,-,Reinvestor & Shareholder Returns
ICICIPRULI,2016-03,+,+,-,Divestment & Debt Repayment
ICICIPRULI,2017-03,+,-,-,Reinvestor & Shareholder Returns
ICICIPRULI,2018-03,+,-,-,Reinvestor & Shareholder Returns
ICICIPRULI,2019-03,+,-,-,Reinvestor & Shareholder Returns
ICICIPRULI,2020-03,+,-,-,Reinvestor & Shareholder Returns
ICICIPRULI,2021-03,+,-,+,Growth via External Capital
ICICIPRULI,2022-03,+,-,-,Reinvestor & Shareholder Returns
ICICIPRULI,2023-03,+,-,-,Reinvestor & Shareholder Returns
ICICIPRULI,2024-03,-,+,-,Restructuring & Contraction
ICICIPRULI,2024-09,+,-,-,Standard Reinvestor
INDIGO,2013-03,+,-,+,Growth via External Capital
INDIGO,2014-03,+,-,+,Growth via External Capital
INDIGO,2015-03,+,-,-,Reinvestor & Shareholder Returns
INDIGO,2016-03,+,-,-,Reinvestor & Shareholder Returns
INDIGO,2017-03,+,-,-,Reinvestor & Shareholder Returns
INDIGO,2018-03,+,-,+,Growth via External Capital
INDIGO,2019-03,+,-,-,Reinvestor & Shareholder Returns
INDIGO,2020-03,+,-,-,Reinvestor & Shareholder Returns
INDIGO,2021-03,-,+,-,Restructuring & Contraction
INDIGO,2022-03,+,+,-,Divestment & Debt Repayment
INDIGO,2023-03,+,-,-,Reinvestor & Shareholder Returns
INDIGO,2024-03,+,-,-,Reinvestor & Shareholder Returns
INDIGO,2024-09,+,-,-,Standard Reinvestor
INDUSINDBK,2013-03,-,-,+,Distress / External Funding
INDUSINDBK,2014-03,-,-,+,Distress / External Funding
INDUSINDBK,2015-03,-,-,+,Distress / External Funding
INDUSINDBK,2016-03,-,-,+,Distress / External Funding
INDUSINDBK,2017-03,+,-,-,Reinvestor & Shareholder Returns
INDUSINDBK,2018-03,-,-,+,Distress / External Funding
INDUSINDBK,2019-03,-,-,+,Distress / External Funding
INDUSINDBK,2020-03,-,+,+,Asset Sale & Debt Funding
INDUSINDBK,2021-03,+,-,-,Reinvestor & Shareholder Returns
INDUSINDBK,2022-03,+,-,-,Reinvestor & Shareholder Returns
INDUSINDBK,2023-03,-,-,+,Distress / External Funding
INDUSINDBK,2024-03,-,-,-,Rapid Cash Burn
INFY,2013-03,+,-,-,Reinvestor & Shareholder Returns
INFY,2014-03,+,-,-,Reinvestor & Shareholder Returns
INFY,2015-03,+,+,-,Divestment & Debt Repayment
INFY,2016-03,+,-,-,Reinvestor & Shareholder Returns
INFY,2017-03,+,-,-,Reinvestor & Shareholder Returns
INFY,2018-03,+,+,-,Divestment & Debt Repayment
INFY,2019-03,+,-,-,Reinvestor & Shareholder Returns
INFY,2020-03,+,-,-,Reinvestor & Shareholder Returns
INFY,2021-03,+,-,-,Reinvestor & Shareholder Returns
INFY,2022-03,+,-,-,Reinvestor & Shareholder Returns
INFY,2023-03,+,-,-,Reinvestor & Shareholder Returns
INFY,2024-03,+,-,-,Reinvestor & Shareholder Returns
INFY,2024-09,+,-,-,Standard Reinvestor
IOC,2013-03,+,-,+,Growth via External Capital
IOC,2014-03,+,-,-,Reinvestor & Shareholder Returns
IOC,2015-03,+,-,-,Reinvestor & Shareholder Returns
IOC,2016-03,+,-,-,Reinvestor & Shareholder Returns
IOC,2017-03,+,-,-,Reinvestor & Shareholder Returns
IOC,2018-03,+,-,-,Reinvestor & Shareholder Returns
IOC,2019-03,+,-,+,Growth via External Capital
IOC,2020-03,+,-,+,Growth via External Capital
IOC,2021-03,+,-,-,Reinvestor & Shareholder Returns
IOC,2022-03,+,-,-,Reinvestor & Shareholder Returns
IOC,2023-03,+,-,-,Reinvestor & Shareholder Returns
IOC,2024-03,+,-,-,Reinvestor & Shareholder Returns
IOC,2024-09,+,-,-,Standard Reinvestor
IRCTC,2015-03,+,-,-,Reinvestor & Shareholder Returns
IRCTC,2016-03,+,+,-,Divestment & Debt Repayment
IRCTC,2017-03,+,+,-,Divestment & Debt Repayment
IRCTC,2018-03,+,+,-,Divestment & Debt Repayment
IRCTC,2019-03,+,-,-,Reinvestor & Shareholder Returns
IRCTC,2020-03,+,+,-,Divestment & Debt Repayment
IRCTC,2021-03,+,-,-,Reinvestor & Shareholder Returns
IRCTC,2022-03,+,-,-,Reinvestor & Shareholder Returns
IRCTC,2023-03,+,-,-,Reinvestor & Shareholder Returns
IRCTC,2024-03,+,-,-,Reinvestor & Shareholder Returns
IRCTC,2024-09,+,-,-,Standard Reinvestor
IRFC,2013-03,+,-,-,Standard Reinvestor
IRFC,2014-03,+,-,-,Standard Reinvestor
IRFC,2015-03,+,-,-,Standard Reinvestor
IRFC,2016-03,-,+,+,Asset Sale & Debt Funding
IRFC,2017-03,-,+,+,Asset Sale & Debt Funding
IRFC,2018-03,-,+,+,Asset Sale & Debt Funding
IRFC,2019-03,-,+,+,Asset Sale & Debt Funding
IRFC,2020-03,-,+,+,Asset Sale & Debt Funding
IRFC,2021-03,-,+,+,Asset Sale & Debt Funding
IRFC,2022-03,-,-,+,Distress / External Funding
IRFC,2023-03,-,+,+,Asset Sale & Debt Funding
IRFC,2024-03,+,-,-,Reinvestor & Shareholder Returns
IRFC,2024-09,+,-,-,Standard Reinvestor
ITC,2013-03,+,-,-,Reinvestor & Shareholder Returns
ITC,2014-03,+,-,-,Reinvestor & Shareholder Returns
ITC,2015-03,+,-,-,Reinvestor & Shareholder Returns
ITC,2016-03,+,-,-,Reinvestor & Shareholder Returns
ITC,2017-03,+,-,-,Reinvestor & Shareholder Returns
ITC,2018-03,+,-,-,Reinvestor & Shareholder Returns
ITC,2019-03,+,-,-,Reinvestor & Shareholder Returns
ITC,2020-03,+,-,-,Reinvestor & Shareholder Returns
ITC,2021-03,+,+,-,Divestment & Debt Repayment
ITC,2022-03,+,-,-,Reinvestor & Shareholder Returns
ITC,2023-03,+,-,-,Reinvestor & Shareholder Returns
ITC,2024-03,+,+,-,Divestment & Debt Repayment
ITC,2024-09,+,-,-,Standard Reinvestor
JINDALSTEL,2013-03,+,-,+,Growth via External Capital
JINDALSTEL,2014-03,+,-,+,Growth via External Capital
JINDALSTEL,2015-03,+,-,+,Growth via External Capital
JINDALSTEL,2016-03,+,-,-,Reinvestor & Shareholder Returns
JINDALSTEL,2017-03,+,-,-,Reinvestor & Shareholder Returns
JINDALSTEL,2018-03,+,-,-,Reinvestor & Shareholder Returns
JINDALSTEL,2019-03,+,-,-,Reinvestor & Shareholder Returns
JINDALSTEL,2020-03,+,-,-,Reinvestor & Shareholder Returns
JINDALSTEL,2021-03,+,-,-,Reinvestor & Shareholder Returns
JINDALSTEL,2022-03,+,-,-,Reinvestor & Shareholder Returns
JINDALSTEL,2023-03,+,-,-,Reinvestor & Shareholder Returns
JINDALSTEL,2024-03,+,-,+,Growth via External Capital
JINDALSTEL,2024-09,+,-,-,Standard Reinvestor
JIOFIN,2023-03,+,-,-,Reinvestor & Shareholder Returns
JIOFIN,2024-03,-,+,-,Restructuring & Contraction
JIOFIN,2024-09,+,-,-,Standard Reinvestor
JSWENERGY,2013-03,+,-,-,Reinvestor & Shareholder Returns
JSWENERGY,2014-03,+,-,-,Reinvestor & Shareholder Returns
JSWENERGY,2015-03,+,-,-,Reinvestor & Shareholder Returns
JSWENERGY,2016-03,+,-,-,Reinvestor & Shareholder Returns
JSWENERGY,2017-03,+,-,-,Reinvestor & Shareholder Returns
JSWENERGY,2018-03,+,-,-,Reinvestor & Shareholder Returns
JSWENERGY,2019-03,+,-,-,Reinvestor & Shareholder Returns
JSWENERGY,2020-03,+,+,-,Divestment & Debt Repayment
JSWENERGY,2021-03,+,-,-,Reinvestor & Shareholder Returns
JSWENERGY,2022-03,+,-,-,Reinvestor & Shareholder Returns
JSWENERGY,2023-03,+,-,+,Growth via External Capital
JSWENERGY,2024-03,+,-,+,Growth via External Capital
JSWENERGY,2024-09,+,-,-,Standard Reinvestor
JSWSTEEL,2013-03,+,-,-,Reinvestor & Shareholder Returns
JSWSTEEL,2014-03,+,-,+,Growth via External Capital
JSWSTEEL,2015-03,+,-,-,Reinvestor & Shareholder Returns
JSWSTEEL,2016-03,+,-,-,Reinvestor & Shareholder Returns
JSWSTEEL,2017-03,+,-,-,Reinvestor & Shareholder Returns
JSWSTEEL,2018-03,+,-,-,Reinvestor & Shareholder Returns
JSWSTEEL,2019-03,+,-,+,Growth via External Capital
JSWSTEEL,2020-03,+,-,+,Growth via External Capital
JSWSTEEL,2021-03,+,-,-,Reinvestor & Shareholder Returns
JSWSTEEL,2022-03,+,-,-,Reinvestor & Shareholder Returns
JSWSTEEL,2023-03,+,-,-,Reinvestor & Shareholder Returns
JSWSTEEL,2024-03,+,-,-,Reinvestor & Shareholder Returns
JSWSTEEL,2024-09,+,-,-,Standard Reinvestor
KOTAKBANK,2013-03,+,-,+,Growth via External Capital
KOTAKBANK,2014-03,+,-,-,Reinvestor & Shareholder Returns
KOTAKBANK,2015-03,+,-,+,Growth via External Capital
KOTAKBANK,2016-03,+,-,+,Growth via External Capital
KOTAKBANK,2017-03,+,-,+,Growth via External Capital
KOTAKBANK,2018-03,-,-,+,Distress / External Funding
KOTAKBANK,2019-03,+,-,+,Growth via External Capital
KOTAKBANK,2020-03,+,-,-,Reinvestor & Shareholder Returns
KOTAKBANK,2021-03,+,-,-,Reinvestor & Shareholder Returns
KOTAKBANK,2022-03,+,-,+,Growth via External Capital
KOTAKBANK,2023-03,-,-,+,Distress / External Funding
KOTAKBANK,2024-03,+,-,+,Growth via External Capital
LICI,2019-03,+,+,-,Divestment & Debt Repayment
LICI,2020-03,+,-,-,Reinvestor & Shareholder Returns
LICI,2021-03,+,+,-,Divestment & Debt Repayment
LICI,2022-03,-,+,+,Asset Sale & Debt Funding
LICI,2023-03,+,-,-,Reinvestor & Shareholder Returns
LICI,2024-03,+,-,-,Reinvestor & Shareholder Returns
LICI,2024-09,+,-,-,Standard Reinvestor
LODHA,2011-03,+,-,-,Standard Reinvestor
LODHA,2012-03,+,-,-,Standard Reinvestor
LODHA,2015-03,+,-,-,Standard Reinvestor
LODHA,2016-03,+,-,+,Growth via External Capital
LODHA,2017-03,+,-,-,Reinvestor & Shareholder Returns
LODHA,2018-03,+,-,+,Growth via External Capital
LODHA,2019-03,-,-,+,Distress / External Funding
LODHA,2020-03,+,+,-,Divestment & Debt Repayment
LODHA,2021-03,+,+,-,Divestment & Debt Repayment
LODHA,2022-03,+,+,-,Divestment & Debt Repayment
LODHA,2023-03,+,+,-,Divestment & Debt Repayment
LODHA,2024-03,+,-,+,Growth via External Capital
LODHA,2024-09,+,-,-,Standard Reinvestor
LT,2013-03,-,-,+,Distress / External Funding
LT,2014-03,-,-,+,Distress / External Funding
LT,2015-03,-,-,+,Distress / External Funding
LT,2016-03,-,-,+,Distress / External Funding
LT,2017-03,+,-,+,Growth via External Capital
LT,2018-03,-,+,+,Asset Sale & Debt Funding
LT,2019-03,-,-,+,Distress / External Funding
LT,2020-03,+,-,+,Growth via External Capital
LT,2021-03,+,-,-,Reinvestor & Shareholder Returns
LT,2022-03,+,-,-,Reinvestor & Shareholder Returns
LT,2023-03,+,-,-,Reinvestor & Shareholder Returns
LT,2024-03,+,+,-,Divestment & Debt Repayment
LT,2024-09,+,-,-,Standard Reinvestor
LTIM,2013-03,+,-,-,Reinvestor & Shareholder Returns
LTIM,2014-03,+,+,-,Divestment & Debt Repayment
LTIM,2015-03,+,-,-,Reinvestor & Shareholder Returns
LTIM,2016-03,+,-,-,Reinvestor & Shareholder Returns
LTIM,2017-03,+,-,-,Reinvestor & Shareholder Returns
LTIM,2018-03,+,-,-,Reinvestor & Shareholder Returns
LTIM,2019-03,+,-,-,Reinvestor & Shareholder Returns
LTIM,2020-03,+,-,-,Reinvestor & Shareholder Returns
LTIM,2021-03,+,-,-,Reinvestor & Shareholder Returns
LTIM,2022-03,+,-,-,Reinvestor & Shareholder Returns
LTIM,2023-03,+,-,-,Reinvestor & Shareholder Returns
LTIM,2024-03,+,-,-,Reinvestor & Shareholder Returns
LTIM,2024-09,+,-,-,Standard Reinvestor
M&M,2013-03,-,-,+,Distress / External Funding
M&M,2014-03,-,-,+,Distress / External Funding
M&M,2015-03,+,-,+,Growth via External Capital
M&M,2016-03,+,-,+,Growth via External Capital
M&M,2017-03,+,-,+,Growth via External Capital
M&M,2018-03,+,-,+,Growth via External Capital
M&M,2019-03,-,-,+,Distress / External Funding
M&M,2020-03,-,-,+,Distress / External Funding
M&M,2021-03,+,-,+,Growth via External Capital
M&M,2022-03,+,-,-,Reinvestor & Shareholder Returns
M&M,2023-03,-,-,+,Distress / External Funding
M&M,2024-03,-,-,+,Distress / External Funding
M&M,2024-09,+,-,-,Standard Reinvestor
MARUTI,2013-03,+,-,-,Reinvestor & Shareholder Returns
MARUTI,2014-03,+,-,-,Reinvestor & Shareholder Returns
MARUTI,2015-03,+,-,-,Reinvestor & Shareholder Returns
MARUTI,2016-03,+,-,-,Reinvestor & Shareholder Returns
MARUTI,2017-03,+,-,-,Reinvestor & Shareholder Returns
MARUTI,2018-03,+,-,-,Reinvestor & Shareholder Returns
MARUTI,2019-03,+,-,-,Reinvestor & Shareholder Returns
MARUTI,2020-03,+,-,-,Reinvestor & Shareholder Returns
MARUTI,2021-03,+,-,-,Reinvestor & Shareholder Returns
MARUTI,2022-03,+,-,-,Reinvestor & Shareholder Returns
MARUTI,2023-03,+,-,-,Reinvestor & Shareholder Returns
MARUTI,2024-03,+,-,-,Reinvestor & Shareholder Returns
MARUTI,2024-09,+,-,-,Standard Reinvestor
MOTHERSON,2013-03,+,-,-,Reinvestor & Shareholder Returns
MOTHERSON,2014-03,+,-,-,Reinvestor & Shareholder Returns
MOTHERSON,2015-03,+,-,+,Growth via External Capital
MOTHERSON,2016-03,+,-,-,Reinvestor & Shareholder Returns
MOTHERSON,2017-03,+,-,+,Growth via External Capital
MOTHERSON,2018-03,+,-,-,Reinvestor & Shareholder Returns
MOTHERSON,2019-03,+,-,-,Reinvestor & Shareholder Returns
MOTHERSON,2020-03,+,-,-,Reinvestor & Shareholder Returns
MOTHERSON,2021-03,+,-,-,Reinvestor & Shareholder Returns
MOTHERSON,2022-03,+,-,-,Reinvestor & Shareholder Returns
MOTHERSON,2023-03,+,-,-,Reinvestor & Shareholder Returns
MOTHERSON,2024-03,+,-,+,Growth via External Capital
MOTHERSON,2024-09,+,-,-,Standard Reinvestor
NAUKRI,2013-03,+,-,-,Reinvestor & Shareholder Returns
NAUKRI,2014-03,+,-,+,Growth via External Capital
NAUKRI,2015-03,+,-,+,Growth via External Capital
NAUKRI,2016-03,+,-,-,Reinvestor & Shareholder Returns
NAUKRI,2017-03,+,-,-,Reinvestor & Shareholder Returns
NAUKRI,2018-03,+,-,-,Reinvestor & Shareholder Returns
NAUKRI,2019-03,+,-,-,Reinvestor & Shareholder Returns
NAUKRI,2020-03,+,+,-,Divestment & Debt Repayment
NAUKRI,2021-03,+,-,+,Growth via External Capital
NAUKRI,2022-03,+,-,+,Growth via External Capital
NAUKRI,2023-03,+,-,+,Growth via External Capital
NAUKRI,2024-03,+,-,+,Growth via External Capital
NAUKRI,2024-09,+,-,-,Standard Reinvestor
NESTLEIND,2013-12,+,-,-,Reinvestor & Shareholder Returns
NESTLEIND,2014-12,+,-,-,Reinvestor & Shareholder Returns
NESTLEIND,2015-12,+,-,-,Reinvestor & Shareholder Returns
NESTLEIND,2016-12,+,-,-,Reinvestor & Shareholder Returns
NESTLEIND,2017-12,+,-,-,Reinvestor & Shareholder Returns
NESTLEIND,2018-12,+,-,-,Reinvestor & Shareholder Returns
NESTLEIND,2019-12,+,+,-,Divestment & Debt Repayment
NESTLEIND,2020-12,+,-,-,Reinvestor & Shareholder Returns
NESTLEIND,2021-12,+,-,-,Reinvestor & Shareholder Returns
NESTLEIND,2022-12,+,-,-,Reinvestor & Shareholder Returns
NESTLEIND,2023-12,+,-,-,Reinvestor & Shareholder Returns
NESTLEIND,2024-03,+,-,-,Reinvestor & Shareholder Returns
NESTLEIND,2024-09,+,-,-,Standard Reinvestor
NHPC,2013-03,+,-,-,Reinvestor & Shareholder Returns
NHPC,2014-03,+,-,-,Reinvestor & Shareholder Returns
NHPC,2015-03,+,-,-,Reinvestor & Shareholder Returns
NHPC,2016-03,+,-,-,Reinvestor & Shareholder Returns
NHPC,2017-03,+,-,-,Reinvestor & Shareholder Returns
NHPC,2018-03,+,-,-,Reinvestor & Shareholder Returns
NHPC,2019-03,+,-,-,Reinvestor & Shareholder Returns
NHPC,2020-03,+,-,+,Growth via External Capital
NHPC,2021-03,+,-,-,Reinvestor & Shareholder Returns
NHPC,2022-03,+,-,-,Reinvestor & Shareholder Returns
NHPC,2023-03,+,-,-,Reinvestor & Shareholder Returns
NHPC,2024-03,+,-,-,Reinvestor & Shareholder Returns
NHPC,2024-09,+,-,-,Standard Reinvestor
NTPC,2013-03,+,-,+,Growth via External Capital
NTPC,2014-03,+,-,-,Reinvestor & Shareholder Returns
NTPC,2015-03,+,-,-,Reinvestor & Shareholder Returns
NTPC,2016-03,+,-,-,Reinvestor & Shareholder Returns
NTPC,2017-03,+,-,+,Growth via External Capital
NTPC,2018-03,+,-,+,Growth via External Capital
NTPC,2019-03,+,-,+,Growth via External Capital
NTPC,2020-03,+,-,+,Growth via External Capital
NTPC,2021-03,+,-,-,Reinvestor & Shareholder Returns
NTPC,2022-03,+,-,-,Reinvestor & Shareholder Returns
NTPC,2023-03,+,-,-,Reinvestor & Shareholder Returns
NTPC,2024-03,+,-,-,Reinvestor & Shareholder Returns
NTPC,2024-09,+,-,-,Standard Reinvestor
ONGC,2013-03,+,-,-,Reinvestor & Shareholder Returns
ONGC,2014-03,+,-,+,Growth via External Capital
ONGC,2015-03,+,-,-,Reinvestor & Shareholder Returns
ONGC,2016-03,+,-,-,Reinvestor & Shareholder Returns
ONGC,2017-03,+,-,-,Reinvestor & Shareholder Returns
ONGC,2018-03,+,-,+,Growth via External Capital
ONGC,2019-03,+,-,-,Reinvestor & Shareholder Returns
ONGC,2020-03,+,-,-,Reinvestor & Shareholder Returns
ONGC,2021-03,+,-,-,Reinvestor & Shareholder Returns
ONGC,2022-03,+,-,-,Reinvestor & Shareholder Returns
ONGC,2023-03,+,-,-,Reinvestor & Shareholder Returns
ONGC,2024-03,+,-,-,Reinvestor & Shareholder Returns
ONGC,2024-09,+,-,-,Standard Reinvestor
PFC,2013-03,-,+,+,Asset Sale & Debt Funding
PFC,2014-03,-,+,+,Asset Sale & Debt Funding
PFC,2015-03,-,-,+,Distress / External Funding
PFC,2016-03,-,-,+,Distress / External Funding
PFC,2017-03,+,-,+,Growth via External Capital
PFC,2018-03,-,+,+,Asset Sale & Debt Funding
PFC,2019-03,-,-,+,Distress / External Funding
PFC,2020-03,-,-,+,Distress / External Funding
PFC,2021-03,-,+,+,Asset Sale & Debt Funding
PFC,2022-03,+,-,-,Reinvestor & Shareholder Returns
PFC,2023-03,-,-,+,Distress / External Funding
PFC,2024-03,-,-,+,Distress / External Funding
PFC,2024-09,+,-,-,Standard Reinvestor
PIDILITIND,2013-03,+,-,-,Reinvestor & Shareholder Returns
PIDILITIND,2014-03,+,-,-,Reinvestor & Shareholder Returns
PIDILITIND,2015-03,+,-,-,Reinvestor & Shareholder Returns
PIDILITIND,2016-03,+,-,-,Reinvestor & Shareholder Returns
PIDILITIND,2017-03,+,-,+,Growth via External Capital
PIDILITIND,2018-03,+,+,-,Divestment & Debt Repayment
PIDILITIND,2019-03,+,-,-,Reinvestor & Shareholder Returns
PIDILITIND,2020-03,+,+,-,Divestment & Debt Repayment
PIDILITIND,2021-03,+,-,-,Reinvestor & Shareholder Returns
PIDILITIND,2022-03,+,-,-,Reinvestor & Shareholder Returns
PIDILITIND,2023-03,+,-,-,Reinvestor & Shareholder Returns
PIDILITIND,2024-03,+,-,-,Reinvestor & Shareholder Returns
PIDILITIND,2024-09,+,-,-,Standard Reinvestor
PNB,2013-03,-,-,-,Rapid Cash Burn
PNB,2014-03,+,-,+,Growth via External Capital
PNB,2015-03,+,-,+,Growth via External Capital
PNB,2016-03,+,-,+,Growth via External Capital
PNB,2017-03,+,+,-,Divestment & Debt Repayment
PNB,2018-03,-,+,+,Asset Sale & Debt Funding
PNB,2019-03,-,-,+,Distress / External Funding
PNB,2020-03,-,-,+,Distress / External Funding
PNB,2021-03,+,-,+,Growth via External Capital
PNB,2022-03,+,-,+,Growth via External Capital
PNB,2023-03,+,-,+,Growth via External Capital
PNB,2024-03,-,-,+,Distress / External Funding
POWERGRID,2013-03,+,-,+,Growth via External Capital
POWERGRID,2014-03,+,-,+,Growth via External Capital
POWERGRID,2015-03,+,-,+,Growth via External Capital
POWERGRID,2016-03,+,-,+,Growth via External Capital
POWERGRID,2017-03,+,-,+,Growth via External Capital
POWERGRID,2018-03,+,-,+,Growth via External Capital
POWERGRID,2019-03,+,-,-,Reinvestor & Shareholder Returns
POWERGRID,2020-03,+,-,-,Reinvestor & Shareholder Returns
POWERGRID,2021-03,+,-,-,Reinvestor & Shareholder Returns
POWERGRID,2022-03,+,+,-,Divestment & Debt Repayment
POWERGRID,2023-03,+,-,-,Reinvestor & Shareholder Returns
POWERGRID,2024-03,+,-,-,Reinvestor & Shareholder Returns
POWERGRID,2024-09,+,-,-,Standard Reinvestor
RECLTD,2013-03,-,+,+,Asset Sale & Debt Funding
RECLTD,2014-03,-,+,+,Asset Sale & Debt Funding
RECLTD,2015-03,-,+,+,Asset Sale & Debt Funding
RECLTD,2016-03,-,-,+,Distress / External Funding
RECLTD,2017-03,+,-,-,Reinvestor & Shareholder Returns
RECLTD,2018-03,-,+,+,Asset Sale & Debt Funding
RECLTD,2019-03,-,+,+,Asset Sale & Debt Funding
RECLTD,2020-03,-,+,+,Asset Sale & Debt Funding
RECLTD,2021-03,-,+,+,Asset Sale & Debt Funding
RECLTD,2022-03,-,-,+,Distress / External Funding
RECLTD,2023-03,-,-,+,Distress / External Funding
RECLTD,2024-03,-,-,+,Distress / External Funding
RECLTD,2024-09,+,-,-,Standard Reinvestor
RELIANCE,2013-03,+,-,+,Growth via External Capital
RELIANCE,2014-03,+,-,+,Growth via External Capital
RELIANCE,2015-03,+,-,+,Growth via External Capital
RELIANCE,2016-03,+,-,-,Reinvestor & Shareholder Returns
RELIANCE,2017-03,+,-,+,Growth via External Capital
RELIANCE,2018-03,+,-,-,Reinvestor & Shareholder Returns
RELIANCE,2019-03,+,-,+,Growth via External Capital
RELIANCE,2020-03,+,-,-,Reinvestor & Shareholder Returns
RELIANCE,2021-03,+,-,+,Growth via External Capital
RELIANCE,2022-03,+,-,+,Growth via External Capital
RELIANCE,2023-03,+,-,+,Growth via External Capital
RELIANCE,2024-03,+,-,-,Reinvestor & Shareholder Returns
RELIANCE,2024-09,+,-,-,Standard Reinvestor
SBILIFE,2013-03,+,-,-,Reinvestor & Shareholder Returns
SBILIFE,2014-03,+,-,-,Reinvestor & Shareholder Returns
SBILIFE,2015-03,+,-,-,Reinvestor & Shareholder Returns
SBILIFE,2016-03,+,-,-,Reinvestor & Shareholder Returns
SBILIFE,2017-03,+,-,-,Reinvestor & Shareholder Returns
SBILIFE,2018-03,+,-,-,Reinvestor & Shareholder Returns
SBILIFE,2019-03,+,-,-,Reinvestor & Shareholder Returns
SBILIFE,2020-03,+,-,-,Reinvestor & Shareholder Returns
SBILIFE,2021-03,+,-,+,Growth via External Capital
SBILIFE,2022-03,+,-,-,Reinvestor & Shareholder Returns
SBILIFE,2023-03,+,-,-,Reinvestor & Shareholder Returns
SBILIFE,2024-03,+,-,-,Reinvestor & Shareholder Returns
SBILIFE,2024-09,+,-,-,Standard Reinvestor
SBIN,2013-03,+,-,-,Reinvestor & Shareholder Returns
SBIN,2014-03,+,-,+,Growth via External Capital
SBIN,2015-03,+,-,-,Reinvestor & Shareholder Returns
SBIN,2016-03,+,-,+,Growth via External Capital
SBIN,2017-03,+,-,-,Reinvestor & Shareholder Returns
SBIN,2018-03,-,+,+,Asset Sale & Debt Funding
SBIN,2019-03,+,+,+,Cash Hoarding
SBIN,2020-03,+,-,+,Growth via External Capital
SBIN,2021-03,+,-,+,Growth via External Capital
SBIN,2022-03,+,-,-,Reinvestor & Shareholder Returns
SBIN,2023-03,-,-,+,Distress / External Funding
SBIN,2024-03,+,-,-,Reinvestor & Shareholder Returns
SHREECEM,2013-06,+,-,-,Reinvestor & Shareholder Returns
SHREECEM,2014-06,+,-,-,Reinvestor & Shareholder Returns
SHREECEM,2015-06,+,-,-,Reinvestor & Shareholder Returns
SHREECEM,2016-03,+,-,-,Reinvestor & Shareholder Returns
SHREECEM,2017-03,+,-,-,Reinvestor & Shareholder Returns
SHREECEM,2018-03,+,-,+,Growth via External Capital
SHREECEM,2019-03,+,-,-,Reinvestor & Shareholder Returns
SHREECEM,2020-03,+,-,+,Growth via External Capital
SHREECEM,2021-03,+,-,-,Reinvestor & Shareholder Returns
SHREECEM,2022-03,+,-,-,Reinvestor & Shareholder Returns
SHREECEM,2023-03,+,-,-,Reinvestor & Shareholder Returns
SHREECEM,2024-03,+,-,-,Reinvestor & Shareholder Returns
SHREECEM,2024-09,+,-,-,Standard Reinvestor
SHRIRAMFIN,2013-03,-,-,+,Distress / External Funding
SHRIRAMFIN,2014-03,-,-,+,Distress / External Funding
SHRIRAMFIN,2015-03,-,-,+,Distress / External Funding
SHRIRAMFIN,2016-03,-,-,+,Distress / External Funding
SHRIRAMFIN,2017-03,-,-,+,Distress / External Funding
SHRIRAMFIN,2018-03,-,+,+,Asset Sale & Debt Funding
SHRIRAMFIN,2019-03,-,-,+,Distress / External Funding
SHRIRAMFIN,2020-03,-,-,+,Distress / External Funding
SHRIRAMFIN,2021-03,-,-,+,Distress / External Funding
SHRIRAMFIN,2022-03,-,-,+,Distress / External Funding
SHRIRAMFIN,2023-03,-,+,+,Asset Sale & Debt Funding
SHRIRAMFIN,2024-03,-,-,+,Distress / External Funding
SHRIRAMFIN,2024-09,+,-,-,Standard Reinvestor
SIEMENS,2011-09,+,+,-,Divestment & Debt Repayment
SIEMENS,2014-09,+,+,-,Divestment & Debt Repayment
SIEMENS,2015-09,+,+,-,Divestment & Debt Repayment
SIEMENS,2016-09,+,+,-,Divestment & Debt Repayment
SIEMENS,2017-09,+,+,-,Divestment & Debt Repayment
SIEMENS,2018-09,+,-,-,Reinvestor & Shareholder Returns
SIEMENS,2019-09,+,-,-,Reinvestor & Shareholder Returns
SIEMENS,2020-09,+,+,-,Divestment & Debt Repayment
SIEMENS,2021-09,+,-,-,Reinvestor & Shareholder Returns
SIEMENS,2022-09,+,-,-,Reinvestor & Shareholder Returns
SIEMENS,2023-09,+,-,-,Reinvestor & Shareholder Returns
SIEMENS,2024-09,+,-,-,Reinvestor & Shareholder Returns
SUNPHARMA,2013-03,+,-,-,Reinvestor & Shareholder Returns
SUNPHARMA,2014-03,+,-,+,Growth via External Capital
SUNPHARMA,2015-03,+,-,-,Reinvestor & Shareholder Returns
SUNPHARMA,2016-03,+,-,-,Reinvestor & Shareholder Returns
SUNPHARMA,2017-03,+,-,-,Reinvestor & Shareholder Returns
SUNPHARMA,2018-03,+,-,-,Reinvestor & Shareholder Returns
SUNPHARMA,2019-03,+,-,-,Reinvestor & Shareholder Returns
SUNPHARMA,2020-03,+,-,-,Reinvestor & Shareholder Returns
SUNPHARMA,2021-03,+,+,-,Divestment & Debt Repayment
SUNPHARMA,2022-03,+,-,-,Reinvestor & Shareholder Returns
SUNPHARMA,2023-03,+,-,+,Growth via External Capital
SUNPHARMA,2024-03,+,-,-,Reinvestor & Shareholder Returns
SUNPHARMA,2024-09,+,-,-,Standard Reinvestor
TATACONSUM,2013-03,+,+,+,Cash Hoarding
TATACONSUM,2014-03,+,-,-,Reinvestor & Shareholder Returns
TATACONSUM,2015-03,+,-,-,Reinvestor & Shareholder Returns
TATACONSUM,2016-03,+,+,-,Divestment & Debt Repayment
TATACONSUM,2017-03,+,+,-,Divestment & Debt Repayment
TATACONSUM,2018-03,+,-,-,Reinvestor & Shareholder Returns
TATACONSUM,2019-03,+,+,-,Divestment & Debt Repayment
TATACONSUM,2020-03,+,-,-,Reinvestor & Shareholder Returns
TATACONSUM,2021-03,+,-,-,Reinvestor & Shareholder Returns
TATACONSUM,2022-03,+,-,-,Reinvestor & Shareholder Returns
TATACONSUM,2023-03,+,-,-,Reinvestor & Shareholder Returns
TATACONSUM,2024-03,+,-,+,Growth via External Capital
TATACONSUM,2024-09,+,-,-,Standard Reinvestor
TATAMOTORS,2013-03,+,-,-,Reinvestor & Shareholder Returns
TATAMOTORS,2014-03,+,-,-,Reinvestor & Shareholder Returns
TATAMOTORS,2015-03,+,-,+,Growth via External Capital
TATAMOTORS,2016-03,+,-,-,Reinvestor & Shareholder Returns
TATAMOTORS,2017-03,+,-,+,Growth via External Capital
TATAMOTORS,2018-03,+,-,+,Growth via External Capital
TATAMOTORS,2019-03,+,-,+,Growth via External Capital
TATAMOTORS,2020-03,+,-,+,Growth via External Capital
TATAMOTORS,2021-03,+,-,+,Growth via External Capital
TATAMOTORS,2022-03,+,-,-,Reinvestor & Shareholder Returns
TATAMOTORS,2023-03,+,-,-,Reinvestor & Shareholder Returns
TATAMOTORS,2024-03,+,-,-,Reinvestor & Shareholder Returns
TATAMOTORS,2024-09,+,-,-,Standard Reinvestor
TATAPOWER,2013-03,+,-,-,Reinvestor & Shareholder Returns
TATAPOWER,2014-03,+,-,-,Reinvestor & Shareholder Returns
TATAPOWER,2015-03,+,-,-,Reinvestor & Shareholder Returns
TATAPOWER,2016-03,+,-,-,Reinvestor & Shareholder Returns
TATAPOWER,2017-03,+,-,+,Growth via External Capital
TATAPOWER,2018-03,+,-,-,Reinvestor & Shareholder Returns
TATAPOWER,2019-03,+,-,-,Reinvestor & Shareholder Returns
TATAPOWER,2020-03,+,-,-,Reinvestor & Shareholder Returns
TATAPOWER,2021-03,+,+,-,Divestment & Debt Repayment
TATAPOWER,2022-03,+,-,-,Reinvestor & Shareholder Returns
TATAPOWER,2023-03,+,-,+,Growth via External Capital
TATAPOWER,2024-03,+,-,-,Reinvestor & Shareholder Returns
TATAPOWER,2024-09,+,-,-,Standard Reinvestor
TATASTEEL,2013-03,+,-,-,Reinvestor & Shareholder Returns
TATASTEEL,2014-03,+,-,+,Growth via External Capital
TATASTEEL,2015-03,+,-,-,Reinvestor & Shareholder Returns
TATASTEEL,2016-03,+,-,-,Reinvestor & Shareholder Returns
TATASTEEL,2017-03,+,-,-,Reinvestor & Shareholder Returns
TATASTEEL,2018-03,+,-,+,Growth via External Capital
TATASTEEL,2019-03,+,-,-,Reinvestor & Shareholder Returns
TATASTEEL,2020-03,+,-,-,Reinvestor & Shareholder Returns
TATASTEEL,2021-03,+,-,-,Reinvestor & Shareholder Returns
TATASTEEL,2022-03,+,-,-,Reinvestor & Shareholder Returns
TATASTEEL,2023-03,+,-,-,Reinvestor & Shareholder Returns
TATASTEEL,2024-03,+,-,-,Reinvestor & Shareholder Returns
TATASTEEL,2024-09,+,-,-,Standard Reinvestor
TCS,2013-03,+,-,-,Reinvestor & Shareholder Returns
TCS,2014-03,+,-,-,Reinvestor & Shareholder Returns
TCS,2015-03,+,-,-,Reinvestor & Shareholder Returns
TCS,2016-03,+,-,-,Reinvestor & Shareholder Returns
TCS,2017-03,+,-,-,Reinvestor & Shareholder Returns
TCS,2018-03,+,+,-,Divestment & Debt Repayment
TCS,2019-03,+,+,-,Divestment & Debt Repayment
TCS,2020-03,+,+,-,Divestment & Debt Repayment
TCS,2021-03,+,-,-,Reinvestor & Shareholder Returns
TCS,2022-03,+,-,-,Reinvestor & Shareholder Returns
TCS,2023-03,+,+,-,Divestment & Debt Repayment
TCS,2024-03,+,+,-,Divestment & Debt Repayment
TCS,2024-09,+,-,-,Standard Reinvestor
TECHM,2013-03,+,-,+,Growth via External Capital
TECHM,2014-03,+,+,-,Divestment & Debt Repayment
TECHM,2015-03,+,-,-,Reinvestor & Shareholder Returns
TECHM,2016-03,+,-,-,Reinvestor & Shareholder Returns
TECHM,2017-03,+,-,-,Reinvestor & Shareholder Returns
TECHM,2018-03,+,-,-,Reinvestor & Shareholder Returns
TECHM,2019-03,+,-,-,Reinvestor & Shareholder Returns
TECHM,2020-03,+,+,-,Divestment & Debt Repayment
TECHM,2021-03,+,-,-,Reinvestor & Shareholder Returns
TECHM,2022-03,+,+,-,Divestment & Debt Repayment
TECHM,2023-03,+,-,-,Reinvestor & Shareholder Returns
TECHM,2024-03,+,-,-,Reinvestor & Shareholder Returns
TECHM,2024-09,+,-,-,Standard Reinvestor
TITAN,2013-03,+,-,-,Reinvestor & Shareholder Returns
TITAN,2014-03,-,-,+,Distress / External Funding
TITAN,2015-03,+,-,-,Reinvestor & Shareholder Returns
TITAN,2016-03,+,-,-,Reinvestor & Shareholder Returns
TITAN,2017-03,+,-,-,Reinvestor & Shareholder Returns
TITAN,2018-03,-,+,-,Restructuring & Contraction
TITAN,2019-03,+,-,-,Reinvestor & Shareholder Returns
TITAN,2020-03,-,+,-,Restructuring & Contraction
TITAN,2021-03,+,-,-,Reinvestor & Shareholder Returns
TITAN,2022-03,-,+,-,Restructuring & Contraction
TITAN,2023-03,+,-,+,Growth via External Capital
TITAN,2024-03,+,-,-,Reinvestor & Shareholder Returns
TITAN,2024-09,+,-,-,Standard Reinvestor
TORNTPHARM,2013-03,+,-,+,Growth via External Capital
TORNTPHARM,2014-03,+,-,+,Growth via External Capital
TORNTPHARM,2015-03,+,-,+,Growth via External Capital
TORNTPHARM,2016-03,+,-,-,Reinvestor & Shareholder Returns
TORNTPHARM,2017-03,+,-,-,Reinvestor & Shareholder Returns
TORNTPHARM,2018-03,+,-,+,Growth via External Capital
TORNTPHARM,2019-03,+,-,-,Reinvestor & Shareholder Returns
TORNTPHARM,2020-03,+,+,-,Divestment & Debt Repayment
TORNTPHARM,2021-03,+,-,-,Reinvestor & Shareholder Returns
TORNTPHARM,2022-03,+,-,-,Reinvestor & Shareholder Returns
TORNTPHARM,2023-03,+,-,+,Growth via External Capital
TORNTPHARM,2024-03,+,-,-,Reinvestor & Shareholder Returns
TORNTPHARM,2024-09,+,-,-,Standard Reinvestor
TRENT,2013-03,+,-,+,Growth via External Capital
TRENT,2014-03,-,-,-,Rapid Cash Burn
TRENT,2015-03,-,-,+,Distress / External Funding
TRENT,2016-03,+,-,-,Reinvestor & Shareholder Returns
TRENT,2017-03,+,-,-,Reinvestor & Shareholder Returns
TRENT,2018-03,+,-,-,Reinvestor & Shareholder Returns
TRENT,2019-03,+,-,+,Growth via External Capital
TRENT,2020-03,+,-,+,Growth via External Capital
TRENT,2021-03,+,+,-,Divestment & Debt Repayment
TRENT,2022-03,+,+,-,Divestment & Debt Repayment
TRENT,2023-03,+,-,-,Reinvestor & Shareholder Returns
TRENT,2024-03,+,-,-,Reinvestor & Shareholder Returns
TRENT,2024-09,+,-,-,Standard Reinvestor
TVSMOTOR,2013-03,+,-,-,Reinvestor & Shareholder Returns
TVSMOTOR,2014-03,+,-,-,Reinvestor & Shareholder Returns
TVSMOTOR,2015-03,+,-,+,Growth via External Capital
TVSMOTOR,2016-03,+,-,-,Reinvestor & Shareholder Returns
TVSMOTOR,2017-03,+,-,-,Reinvestor & Shareholder Returns
TVSMOTOR,2018-03,+,-,+,Growth via External Capital
TVSMOTOR,2019-03,-,-,+,Distress / External Funding
TVSMOTOR,2020-03,+,-,+,Growth via External Capital
TVSMOTOR,2021-03,+,-,+,Growth via External Capital
TVSMOTOR,2022-03,-,-,+,Distress / External Funding
TVSMOTOR,2023-03,-,-,+,Distress / External Funding
TVSMOTOR,2024-03,-,-,+,Distress / External Funding
TVSMOTOR,2024-09,+,-,-,Standard Reinvestor
