company_id,company_name,broad_sector,latest_year,beneish_m_score,beneish_flag,dsri,gmi,aqi,sgi,depi,sgai,lvgi,tata,altman_z_score,altman_zone,piotroski_f_score,piotroski_category
ABB,Abbott India Ltd,Industrials,2024-09,,Low Risk (Unlikely Manipulation),1.18,1.24,1.0,,4.8,1.0,1.06,,,Distress Zone,2,Weak (0-4)
ADANIENSOL,Adani Energy Solutions Ltd,Energy,2024-09,,Low Risk (Unlikely Manipulation),1.05,1.72,1.35,,0.87,1.0,0.89,,,Distress Zone,2,Weak (0-4)
ADANIENT,Adani Enterprises Ltd,Industrials,2024-09,,Low Risk (Unlikely Manipulation),1.9,0.59,1.0,,0.88,1.0,1.02,,,Distress Zone,3,Weak (0-4)
ADANIGREEN,Adani Green Energy Ltd,Energy,2024-09,,Low Risk (Unlikely Manipulation),0.52,3.97,0.88,,0.59,1.0,1.0,,,Distress Zone,2,Weak (0-4)
ADANIPORTS,Adani Ports & Special Economic Zone Ltd,Industrials,2024-09,,Low Risk (Unlikely Manipulation),1.0,2.92,1.01,,0.98,1.0,1.0,,,Distress Zone,2,Weak (0-4)
ADANIPOWER,Adani Power Ltd,Energy,2024-09,,Low Risk (Unlikely Manipulation),1.82,1.81,0.89,,1.17,1.0,0.93,,,Distress Zone,2,Weak (0-4)
AMBUJACEM,Ambuja Cements Ltd,Materials,2024-09,,Low Risk (Unlikely Manipulation),1.13,0.97,0.82,,0.95,1.0,0.94,,,Distress Zone,2,Weak (0-4)
APOLLOHOSP,Apollo Hospitals Chain of Indian private hospitals,Healthcare,2024-09,,Low Risk (Unlikely Manipulation),3.65,0.63,1.15,,1.33,1.0,1.05,,,Distress Zone,3,Weak (0-4)
ASIANPAINT,Asian Paints Indian Multi-National Paint and Coating Manufacturing Company,Materials,2024-09,,Low Risk (Unlikely Manipulation),2.29,1.07,0.98,,2.13,1.0,1.04,,,Distress Zone,1,Weak (0-4)
ATGL,Adani Total Gas Ltd,Energy,2024-09,,Low Risk (Unlikely Manipulation),3.7,1.23,0.95,,0.95,1.0,0.94,,,Distress Zone,2,Weak (0-4)
AXISBANK,Axis Bank Ltd,Financials,2024-03,-1.53,Low Risk (Unlikely Manipulation),0.87,1.11,1.0,1.28,3.9,1.1,0.99,0.02,5.44,Financial (Z-Score N/A),5,Moderate (5-6)
BAJAJ-AUTO,Bajaj Auto Ltd,Consumer Discretionary,2024-09,,Low Risk (Unlikely Manipulation),5.0,0.98,1.01,,2.04,1.0,1.23,,,Distress Zone,3,Weak (0-4)
BAJAJFINSV,Bajaj Finserv Ltd,Financials,2024-09,,Low Risk (Unlikely Manipulation),0.3,1.85,1.0,,2.83,1.0,1.0,,,Financial (Z-Score N/A),1,Weak (0-4)
BAJAJHLDNG,Bajaj Holdings & Investment Ltd,Financials,2024-09,,Low Risk (Unlikely Manipulation),5.0,4.59,1.0,,2.45,1.0,1.05,,,Financial (Z-Score N/A),3,Weak (0-4)
BAJFINANCE,Bajaj Finance Ltd,Financials,2024-09,,Low Risk (Unlikely Manipulation),0.2,3.28,1.0,,3.47,1.0,1.0,,,Financial (Z-Score N/A),2,Weak (0-4)
BANKBARODA,Bank of Baroda,Financials,2024-03,-1.87,Low Risk (Unlikely Manipulation),0.88,1.15,1.0,1.25,1.08,1.12,1.0,0.015,5.08,Financial (Z-Score N/A),6,Moderate (5-6)
BEL,Bharat Electronics Ltd,Industrials,2024-09,,Low Risk (Unlikely Manipulation),5.0,1.25,0.95,,5.0,1.0,1.25,,,Distress Zone,1,Weak (0-4)
BHARTIARTL,Bharti Airtel Ltd,Communication Services,2024-09,,Low Risk (Unlikely Manipulation),1.66,2.61,0.96,,2.31,1.0,1.0,,,Distress Zone,0,Weak (0-4)
BHEL,Bharat Heavy Electricals Limited,Industrials,2024-09,,Low Risk (Unlikely Manipulation),0.42,0.2,1.0,,1.76,1.0,1.03,,,Distress Zone,3,Weak (0-4)
BOSCHLTD,Bosch Ltd,Consumer Discretionary,2024-09,,Low Risk (Unlikely Manipulation),1.63,0.63,1.01,,3.91,1.0,1.02,,,Distress Zone,3,Weak (0-4)
BPCL,Bharat Petroleum Corporation Ltd,Energy,2024-09,,Low Risk (Unlikely Manipulation),5.0,0.49,1.02,,1.45,1.0,1.01,,,Distress Zone,2,Weak (0-4)
BRITANNIA,Britannia Industries Ltd,Consumer Staples,2024-09,,Low Risk (Unlikely Manipulation),5.0,0.94,1.01,,1.95,1.0,1.17,,,Distress Zone,3,Weak (0-4)
CANBK,Canara Bank,Financials,2024-03,-1.91,Low Risk (Unlikely Manipulation),0.86,1.1,1.0,1.29,1.32,1.06,1.0,0.0,4.95,Financial (Z-Score N/A),6,Moderate (5-6)
CHOLAFIN,Cholamandalam Investment & Finance Company Ltd,Financials,2024-09,,Low Risk (Unlikely Manipulation),0.2,2.59,1.0,,2.25,1.0,1.01,,,Financial (Z-Score N/A),2,Weak (0-4)
CIPLA,Cipla Ltd,Healthcare,2024-09,,Low Risk (Unlikely Manipulation),1.58,4.98,1.0,,1.97,1.0,1.01,,,Distress Zone,2,Weak (0-4)
COALINDIA,Coal India Ltd,Materials,2024-09,,Low Risk (Unlikely Manipulation),1.06,4.97,1.0,,1.63,1.0,0.94,,,Distress Zone,2,Weak (0-4)
DABUR,Dabur India Ltd,Consumer Staples,2024-09,,Low Risk (Unlikely Manipulation),3.0,0.97,1.03,,1.89,1.0,1.06,,,Distress Zone,3,Weak (0-4)
DIVISLAB,Divis Laboratories Ltd,Healthcare,2024-09,,Low Risk (Unlikely Manipulation),0.8,1.41,0.96,,1.48,1.0,0.98,,,Distress Zone,1,Weak (0-4)
DLF,DLF Ltd,Real Estate,2024-09,,Low Risk (Unlikely Manipulation),0.2,1.65,1.0,,0.73,1.0,1.07,,,Distress Zone,2,Weak (0-4)
DMART,Avenue Supermarts Ltd,Consumer Discretionary,2024-09,,Low Risk (Unlikely Manipulation),5.0,0.4,1.0,,1.03,1.0,1.08,,,Distress Zone,2,Weak (0-4)
DRREDDY,Dr Reddys Laboratories Ltd,Healthcare,2024-09,,Low Risk (Unlikely Manipulation),1.27,1.42,0.85,,2.47,1.0,1.26,,,Distress Zone,1,Weak (0-4)
EICHERMOT,Eicher Motors Ltd,Consumer Discretionary,2024-09,,Low Risk (Unlikely Manipulation),2.7,1.31,1.0,,3.41,1.0,1.01,,,Distress Zone,2,Weak (0-4)
GAIL,GAIL (India) Ltd,Energy,2024-09,,Low Risk (Unlikely Manipulation),5.0,0.54,1.02,,1.25,1.0,0.92,,,Distress Zone,4,Weak (0-4)
GODREJCP,Godrej Consumer Products Ltd,Consumer Staples,2024-09,,Low Risk (Unlikely Manipulation),3.23,1.05,1.02,,0.45,1.0,1.14,,,Distress Zone,1,Weak (0-4)
GRASIM,Grasim Industries Ltd,Industrials,2024-09,,Low Risk (Unlikely Manipulation),0.8,1.04,1.01,,0.95,1.0,1.01,,,Distress Zone,1,Weak (0-4)
HAL,Hindustan Aeronautics Ltd,Industrials,2024-09,,Low Risk (Unlikely Manipulation),5.0,1.6,1.08,,5.0,1.0,1.02,,,Distress Zone,3,Weak (0-4)
HAVELLS,Havells India Ltd,Industrials,2024-09,,Low Risk (Unlikely Manipulation),2.29,0.51,0.98,,1.56,1.0,0.98,,,Distress Zone,3,Weak (0-4)
HCLTECH,HCL Technologies Ltd,Information Technology,2024-09,,Low Risk (Unlikely Manipulation),1.94,1.1,1.01,,2.13,1.0,1.0,,,Distress Zone,3,Weak (0-4)
HDFCBANK,HDFC Bank Ltd,Financials,2024-03,-1.49,Low Risk (Unlikely Manipulation),0.9,1.19,1.0,1.66,1.1,1.19,1.0,0.012,4.94,Financial (Z-Score N/A),4,Weak (0-4)
HDFCLIFE,HDFC Life Insurance Company Ltd,Financials,2024-09,,Low Risk (Unlikely Manipulation),5.0,5.0,1.0,,0.97,1.0,1.0,,,Financial (Z-Score N/A),2,Weak (0-4)
HEROMOTOCO,Hero MotoCorp Ltd,Consumer Discretionary,2024-09,,Low Risk (Unlikely Manipulation),5.0,4.99,1.04,,2.17,1.0,1.08,,,Distress Zone,2,Weak (0-4)
HINDALCO,Hindalco Industries Ltd,Materials,2024-09,,Low Risk (Unlikely Manipulation),2.44,4.91,1.04,,1.26,1.0,1.01,,,Distress Zone,2,Weak (0-4)
HINDUNILVR,Hindustan Unilever Ltd,Consumer Staples,2024-09,,Low Risk (Unlikely Manipulation),3.24,4.97,1.05,,0.44,1.0,1.07,,,Distress Zone,2,Weak (0-4)
ICICIBANK,ICICI Bank Ltd,Financials,2024-03,-2.1,Low Risk (Unlikely Manipulation),0.88,1.09,1.0,1.32,1.1,1.11,1.0,-0.047,3.72,Financial (Z-Score N/A),6,Moderate (5-6)
ICICIGI,ICICI Lombard General Insurance Company Ltd,Financials,2024-09,,Low Risk (Unlikely Manipulation),1.5,5.0,1.01,,2.52,1.0,0.99,,,Financial (Z-Score N/A),2,Weak (0-4)
ICICIPRULI,ICICI Prudential Life Insurance Company Ltd,Financials,2024-09,,Low Risk (Unlikely Manipulation),5.0,5.0,1.0,,2.89,1.0,1.0,,,Financial (Z-Score N/A),2,Weak (0-4)
INDIGO,Interglobe Aviation Ltd,Consumer Discretionary,2024-09,,Low Risk (Unlikely Manipulation),5.0,4.65,0.91,,5.0,1.0,0.92,,,Distress Zone,1,Weak (0-4)
INDUSINDBK,IndusInd Bank Ltd,Financials,2024-03,-1.79,Low Risk (Unlikely Manipulation),0.87,1.07,1.0,1.26,0.95,1.06,1.0,0.05,5.69,Financial (Z-Score N/A),4,Weak (0-4)
INFY,Infosys Ltd,Information Technology,2024-09,,Low Risk (Unlikely Manipulation),1.84,1.19,0.97,,2.9,1.0,1.03,,,Distress Zone,1,Weak (0-4)
IOC,Indian Oil Corporation,Energy,2024-09,,Low Risk (Unlikely Manipulation),4.85,0.49,1.01,,1.5,1.0,1.04,,,Distress Zone,3,Weak (0-4)
IRCTC,Indian Railway Catering & Tourism Corporation Ltd,Consumer Discretionary,2024-09,,Low Risk (Unlikely Manipulation),0.8,1.72,1.02,,2.85,1.0,1.03,,,Distress Zone,2,Weak (0-4)
IRFC,Indian Railway Finance Corporation Ltd,Financials,2024-09,,Low Risk (Unlikely Manipulation),0.2,4.98,1.0,,5.0,1.0,1.0,,,Financial (Z-Score N/A),2,Weak (0-4)
ITC,ITC Ltd,Consumer Staples,2024-09,,Low Risk (Unlikely Manipulation),2.37,1.85,1.01,,1.23,1.0,1.06,,,Distress Zone,2,Weak (0-4)
JINDALSTEL,Jindal Steel & Power Ltd,Materials,2024-09,,Low Risk (Unlikely Manipulation),2.54,1.01,0.97,,1.1,1.0,0.98,,,Distress Zone,1,Weak (0-4)
JIOFIN,Jio Financial Services Ltd,Financials,2024-09,,Low Risk (Unlikely Manipulation),0.2,4.2,1.0,,2.27,1.0,1.24,,,Financial (Z-Score N/A),2,Weak (0-4)
JSWENERGY,JSW Energy Ltd,Energy,2024-09,,Low Risk (Unlikely Manipulation),1.0,2.34,1.1,,1.07,1.0,0.89,,,Distress Zone,1,Weak (0-4)
JSWSTEEL,JSW Steel Ltd,Materials,2024-09,,Low Risk (Unlikely Manipulation),2.23,0.8,1.02,,1.35,1.0,1.0,,,Distress Zone,3,Weak (0-4)
KOTAKBANK,Kotak Mahindra Bank Ltd,Financials,2024-03,-1.87,Low Risk (Unlikely Manipulation),0.92,1.1,1.0,1.33,0.89,1.17,1.01,0.003,4.6,Financial (Z-Score N/A),3,Weak (0-4)
LICI,Life Insurance Corporation of India,Financials,2024-09,,Low Risk (Unlikely Manipulation),2.65,0.2,1.0,,0.44,1.0,1.0,,,Financial (Z-Score N/A),2,Weak (0-4)
LODHA,Macrotech Developers Ltd,Real Estate,2024-09,,Low Risk (Unlikely Manipulation),0.24,1.29,1.0,,2.97,1.0,0.98,,,Distress Zone,1,Weak (0-4)
LT,Larsen & Toubro Ltd,Industrials,2024-09,,Low Risk (Unlikely Manipulation),5.0,0.68,0.99,,5.0,1.0,0.98,,,Distress Zone,3,Weak (0-4)
LTIM,LTIMindtree Ltd,Information Technology,2024-09,,Low Risk (Unlikely Manipulation),2.68,0.9,0.99,,2.82,1.0,0.98,,,Distress Zone,3,Weak (0-4)
M&M,Mahindra & Mahindra Ltd,Consumer Discretionary,2024-09,,Low Risk (Unlikely Manipulation),0.85,0.89,1.0,,2.88,1.0,1.01,,,Distress Zone,2,Weak (0-4)
MARUTI,Maruti Suzuki India Ltd,Consumer Discretionary,2024-09,,Low Risk (Unlikely Manipulation),5.0,0.66,1.0,,3.17,1.0,1.04,,,Distress Zone,3,Weak (0-4)
MOTHERSON,Samvardhana Motherson International Ltd,Consumer Discretionary,2024-09,,Low Risk (Unlikely Manipulation),2.19,0.47,1.05,,2.25,1.0,0.97,,,Distress Zone,2,Weak (0-4)
NAUKRI,Info Edge (India) Ltd,Communication Services,2024-09,,Low Risk (Unlikely Manipulation),0.62,1.4,1.01,,2.22,1.0,1.04,,,Distress Zone,2,Weak (0-4)
NESTLEIND,Nestle India Ltd,Consumer Staples,2024-09,,Low Risk (Unlikely Manipulation),5.0,1.19,0.86,,2.69,1.0,0.94,,,Distress Zone,1,Weak (0-4)
NHPC,NHPC Ltd,Energy,2024-09,,Low Risk (Unlikely Manipulation),0.31,2.5,0.96,,1.05,1.0,1.01,,,Distress Zone,1,Weak (0-4)
NTPC,NTPC Ltd,Energy,2024-09,,Low Risk (Unlikely Manipulation),1.53,1.44,1.01,,1.18,1.0,0.99,,,Distress Zone,3,Weak (0-4)
ONGC,Oil & Natural Gas Corpn Ltd,Energy,2024-09,,Low Risk (Unlikely Manipulation),3.06,0.87,1.0,,1.76,1.0,1.02,,,Distress Zone,3,Weak (0-4)
PFC,Power Finance Corporation Ltd,Financials,2024-09,,Low Risk (Unlikely Manipulation),0.2,5.0,1.0,,1.3,1.0,1.0,,,Financial (Z-Score N/A),2,Weak (0-4)
PIDILITIND,Pidilite Industries Ltd,Materials,2024-09,,Low Risk (Unlikely Manipulation),2.92,1.09,1.04,,1.18,1.0,1.04,,,Distress Zone,2,Weak (0-4)
PNB,Punjab National Bank,Financials,2024-03,-0.01,Low Risk (Unlikely Manipulation),0.85,0.82,1.0,1.26,1.06,0.76,0.95,0.513,,Financial (Z-Score N/A),5,Moderate (5-6)
POWERGRID,Power Grid Corporation of India Ltd,Energy,2024-09,,Low Risk (Unlikely Manipulation),0.9,4.34,1.03,,1.37,1.0,0.98,,,Distress Zone,3,Weak (0-4)
RECLTD,REC Ltd,Financials,2024-09,,Low Risk (Unlikely Manipulation),0.2,5.0,1.0,,0.73,1.0,1.0,,,Financial (Z-Score N/A),2,Weak (0-4)
RELIANCE,Reliance Industries Ltd,Energy,2024-09,,Low Risk (Unlikely Manipulation),2.19,0.9,0.98,,1.22,1.0,1.0,,,Distress Zone,3,Weak (0-4)
SBILIFE,SBI Life Insurance Company Ltd,Financials,2024-09,,Low Risk (Unlikely Manipulation),5.0,0.2,1.0,,1.19,1.0,1.0,,,Financial (Z-Score N/A),2,Weak (0-4)
SBIN,State Bank of India,Financials,2024-03,-1.93,Low Risk (Unlikely Manipulation),1.0,0.92,1.0,1.25,1.0,0.94,1.0,0.0,4.08,Financial (Z-Score N/A),6,Moderate (5-6)
SHREECEM,Shree Cement Ltd,Materials,2024-09,,Low Risk (Unlikely Manipulation),2.32,1.1,0.94,,3.3,1.0,0.97,,,Distress Zone,2,Weak (0-4)
SHRIRAMFIN,Shriram Finance Ltd,Financials,2024-09,,Low Risk (Unlikely Manipulation),0.2,3.59,1.0,,2.73,1.0,1.01,,,Financial (Z-Score N/A),2,Weak (0-4)
SIEMENS,Siemens Ltd,Industrials,2024-09,-1.83,Low Risk (Unlikely Manipulation),1.05,0.91,1.02,1.14,1.0,0.99,0.99,0.041,7.64,Safe Zone,6,Moderate (5-6)
SUNPHARMA,Sun Pharmaceuticals Industries Ltd,Healthcare,2024-09,,Low Risk (Unlikely Manipulation),1.16,1.34,1.0,,1.98,1.0,0.85,,,Distress Zone,3,Weak (0-4)
TATACONSUM,Tata Consumer Products Ltd,Consumer Staples,2024-09,,Low Risk (Unlikely Manipulation),2.04,0.75,0.98,,0.38,1.0,0.9,,,Distress Zone,3,Weak (0-4)
TATAMOTORS,Tata Motors Ltd,Consumer Discretionary,2024-09,,Low Risk (Unlikely Manipulation),2.31,0.68,0.97,,3.67,1.0,0.96,,,Distress Zone,3,Weak (0-4)
TATAPOWER,Tata Power Company Ltd,Energy,2024-09,,Low Risk (Unlikely Manipulation),1.4,0.87,0.96,,1.07,1.0,1.0,,,Distress Zone,3,Weak (0-4)
TATASTEEL,Tata Steel Ltd,Materials,2024-09,,Low Risk (Unlikely Manipulation),2.87,0.49,1.03,,1.25,1.0,1.03,,,Distress Zone,3,Weak (0-4)
TCS,Tata Consultancy Services Ltd,Information Technology,2024-09,,Low Risk (Unlikely Manipulation),2.6,1.33,1.01,,4.05,1.0,0.98,,,Distress Zone,2,Weak (0-4)
TECHM,Tech Mahindra Ltd,Information Technology,2024-09,,Low Risk (Unlikely Manipulation),2.01,0.43,1.0,,2.31,1.0,1.0,,,Distress Zone,3,Weak (0-4)
TITAN,Titan Company Ltd,Consumer Discretionary,2024-09,,Low Risk (Unlikely Manipulation),2.01,0.52,1.02,,2.72,1.0,1.07,,,Distress Zone,3,Weak (0-4)
TORNTPHARM,Torrent Pharmaceuticals Ltd,Healthcare,2024-09,,Low Risk (Unlikely Manipulation),1.84,1.57,1.09,,1.81,1.0,0.95,,,Distress Zone,2,Weak (0-4)
TRENT,Trent Ltd,Consumer Discretionary,2024-09,,Low Risk (Unlikely Manipulation),4.03,0.8,1.01,,4.3,1.0,1.01,,,Distress Zone,3,Weak (0-4)
TVSMOTOR,TVS Motor Company Ltd,Consumer Discretionary,2024-09,,Low Risk (Unlikely Manipulation),1.15,0.7,1.0,,2.84,1.0,0.99,,,Distress Zone,3,Weak (0-4)
