table,rows_in,rows_out,rejected,timestamp,runtime_s
companies,92,92,0,2026-09-27T23:16:12.763241,0.78
profitandloss,1276,1070,206,2026-09-27T23:16:13.505303,0.742
balancesheet,1312,1140,172,2026-09-27T23:16:14.328309,0.823
cashflow,1187,1056,131,2026-09-27T23:16:14.852169,0.524
analysis,20,16,4,2026-09-27T23:16:14.901322,0.045
documents,1585,1457,128,2026-09-27T23:16:15.207564,0.306
prosandcons,16,14,2,2026-09-27T23:16:15.237812,0.03
sectors,92,92,0,2026-09-27T23:16:15.292029,0.054
market_cap,552,552,0,2026-09-27T23:16:15.461905,0.17
peer_groups,56,56,0,2026-09-27T23:16:15.505005,0.043
stock_prices,5520,5520,0,2026-09-27T23:16:17.102009,1.597
financial_ratios,1184,1041,143,2026-09-27T23:16:17.576927,0.475
