company_id,company_name,broad_sector,is_anomaly,anomaly_status,anomaly_risk_pct,raw_decision_score,pc1,pc2,pc3,primary_driver_1,primary_driver_2,primary_driver_3,beneish_m_score,beneish_flag,altman_z_score,altman_zone,piotroski_f_score,cfo_pat_ratio,debt_to_equity,composite_score
ICICIBANK,ICICI Bank Ltd,Financials,True,Outlier / Anomaly,100.0,-0.1885,24.022,0.441,2.052,"Composite Health Score: 67.00 (Median: 53.50, 3.6σ elevated)","Piotroski F-Score (Operational Quality): 6.00 (Median: 2.00, 3.3σ elevated)","SGAI (Sales General & Admin Index): 1.11 (Median: 1.00, 2.6σ elevated)",-2.1,Low Risk (Unlikely Manipulation),3.72,Financial (Z-Score N/A),6,3.41,6.45,67.0
PNB,Punjab National Bank,Financials,True,Outlier / Anomaly,93.8,-0.1677,-0.22,0.06,2.585,"SGAI (Sales General & Admin Index): 0.76 (Median: 1.00, 5.6σ depressed)","TATA (Total Accruals to Total Assets): 0.51 (Median: 0.01, 3.1σ elevated)","Beneish M-Score (Earnings Manipulation): -0.01 (Median: -1.85, 3.1σ elevated)",-0.01,Low Risk (Unlikely Manipulation),,Financial (Z-Score N/A),5,-3.05,3.68,50.2
AXISBANK,Axis Bank Ltd,Financials,True,Outlier / Anomaly,86.0,-0.1415,-3.98,-0.03,5.0,"Debt-to-Equity (Gearing): 8.25 (Median: 0.39, 2.8σ elevated)","Piotroski F-Score (Operational Quality): 5.00 (Median: 2.00, 2.5σ elevated)","SGAI (Sales General & Admin Index): 1.10 (Median: 1.00, 2.3σ elevated)",-1.53,Low Risk (Unlikely Manipulation),5.44,Financial (Z-Score N/A),5,-0.22,8.25,46.3
HDFCBANK,HDFC Bank Ltd,Financials,True,Outlier / Anomaly,82.2,-0.1286,22.801,0.384,2.906,"SGAI (Sales General & Admin Index): 1.19 (Median: 1.00, 4.4σ elevated)","SGI (Sales Growth Index): 1.66 (Median: 1.27, 2.9σ elevated)","Debt-to-Equity (Gearing): 6.81 (Median: 0.39, 2.3σ elevated)",-1.49,Low Risk (Unlikely Manipulation),4.94,Financial (Z-Score N/A),4,0.29,6.81,54.8
SBIN,State Bank of India,Financials,True,Outlier / Anomaly,79.9,-0.121,-52.464,-0.797,1.803,"Piotroski F-Score (Operational Quality): 6.00 (Median: 2.00, 3.3σ elevated)","Composite Health Score: 44.90 (Median: 53.50, 2.3σ depressed)","Operating Profit Margin %: -13.73 (Median: 38.55, 1.8σ depressed)",-1.93,Low Risk (Unlikely Manipulation),4.08,Financial (Z-Score N/A),6,0.31,,44.9
KOTAKBANK,Kotak Mahindra Bank Ltd,Financials,True,Outlier / Anomaly,79.8,-0.1204,45.118,0.7,-0.069,"SGAI (Sales General & Admin Index): 1.17 (Median: 1.00, 4.0σ elevated)","Composite Health Score: 64.60 (Median: 53.50, 3.0σ elevated)","Operating Profit Margin %: 83.67 (Median: 38.55, 1.6σ elevated)",-1.87,Low Risk (Unlikely Manipulation),4.6,Financial (Z-Score N/A),3,0.86,4.0,64.6
INDUSINDBK,IndusInd Bank Ltd,Financials,True,Outlier / Anomaly,79.7,-0.1203,-0.274,0.029,4.617,"Composite Health Score: 40.50 (Median: 53.50, 3.5σ depressed)","Debt-to-Equity (Gearing): 6.89 (Median: 0.39, 2.3σ elevated)","Piotroski F-Score (Operational Quality): 4.00 (Median: 2.00, 1.6σ elevated)",-1.79,Low Risk (Unlikely Manipulation),5.69,Financial (Z-Score N/A),4,-1.88,6.89,40.5
CANBK,Canara Bank,Financials,True,Outlier / Anomaly,75.8,-0.107,3.228,0.144,8.717,"Debt-to-Equity (Gearing): 14.87 (Median: 0.39, 5.1σ elevated)","Piotroski F-Score (Operational Quality): 6.00 (Median: 2.00, 3.3σ elevated)","Composite Health Score: 45.80 (Median: 53.50, 2.1σ depressed)",-1.91,Low Risk (Unlikely Manipulation),4.95,Financial (Z-Score N/A),6,0.98,14.87,45.8
BANKBARODA,Bank of Baroda,Financials,True,Outlier / Anomaly,75.0,-0.1043,-1.124,0.072,7.485,"Debt-to-Equity (Gearing): 12.14 (Median: 0.39, 4.1σ elevated)","Piotroski F-Score (Operational Quality): 6.00 (Median: 2.00, 3.3σ elevated)","SGAI (Sales General & Admin Index): 1.12 (Median: 1.00, 2.8σ elevated)",-1.87,Low Risk (Unlikely Manipulation),5.08,Financial (Z-Score N/A),6,-0.33,12.14,45.0
SIEMENS,Siemens Ltd,Industrials,True,Outlier / Anomaly,74.2,-0.1016,-24.839,1.66,0.868,"Piotroski F-Score (Operational Quality): 6.00 (Median: 2.00, 3.3σ elevated)","Altman Z-Score (Solvency/Insolvency): 7.64 (Median: 4.95, 2.4σ elevated)","SGI (Sales Growth Index): 1.14 (Median: 1.27, 1.0σ depressed)",-1.83,Low Risk (Unlikely Manipulation),7.64,Safe Zone,6,0.61,0.02,50.7
BEL,Bharat Electronics Ltd,Industrials,True,Outlier / Anomaly,57.2,-0.0444,-0.049,-5.239,-1.921,"LVGI (Leverage Index): 1.25 (Median: 1.00, 3.6σ elevated)","DEPI (Depreciation Rate Index): 5.00 (Median: 1.69, 2.7σ elevated)","DSRI (Days Sales in Receivables): 5.00 (Median: 1.84, 2.0σ elevated)",,Low Risk (Unlikely Manipulation),,Distress Zone,1,,0.86,52.0
INDIGO,Interglobe Aviation Ltd,Consumer Discretionary,False,Conforming Profile,42.8,0.0039,0.004,-9.074,-1.355,"DEPI (Depreciation Rate Index): 5.00 (Median: 1.69, 2.7σ elevated)","DSRI (Days Sales in Receivables): 5.00 (Median: 1.84, 2.0σ elevated)","AQI (Asset Quality Index): 0.91 (Median: 1.00, 1.5σ depressed)",,Low Risk (Unlikely Manipulation),,Distress Zone,1,,0.02,53.5
ADANIENSOL,Adani Energy Solutions Ltd,Energy,False,Conforming Profile,39.0,0.0167,-0.712,34.966,0.007,"AQI (Asset Quality Index): 1.35 (Median: 1.00, 6.0σ elevated)","LVGI (Leverage Index): 0.89 (Median: 1.00, 1.6σ depressed)","Composite Health Score: 50.00 (Median: 53.50, 0.9σ depressed)",,Low Risk (Unlikely Manipulation),,Distress Zone,2,,1.86,50.0
IRFC,Indian Railway Finance Corporation Ltd,Financials,False,Conforming Profile,39.0,0.0168,-0.094,-0.069,3.818,"DEPI (Depreciation Rate Index): 5.00 (Median: 1.69, 2.7σ elevated)","Debt-to-Equity (Gearing): 7.83 (Median: 0.39, 2.6σ elevated)","Composite Health Score: 45.00 (Median: 53.50, 2.3σ depressed)",,Low Risk (Unlikely Manipulation),,Financial (Z-Score N/A),2,,7.83,45.0
DRREDDY,Dr Reddys Laboratories Ltd,Healthcare,False,Conforming Profile,36.5,0.025,0.122,-15.219,-1.872,"LVGI (Leverage Index): 1.26 (Median: 1.00, 3.8σ elevated)","AQI (Asset Quality Index): 0.85 (Median: 1.00, 2.6σ depressed)","Piotroski F-Score (Operational Quality): 1.00 (Median: 2.00, 0.8σ depressed)",,Low Risk (Unlikely Manipulation),,Distress Zone,1,,0.16,53.5
HAL,Hindustan Aeronautics Ltd,Industrials,False,Conforming Profile,34.4,0.0324,-0.31,7.922,-0.87,"DEPI (Depreciation Rate Index): 5.00 (Median: 1.69, 2.7σ elevated)","DSRI (Days Sales in Receivables): 5.00 (Median: 1.84, 2.0σ elevated)","AQI (Asset Quality Index): 1.08 (Median: 1.00, 1.4σ elevated)",,Low Risk (Unlikely Manipulation),,Distress Zone,3,,0.6,52.0
ADANIGREEN,Adani Green Energy Ltd,Energy,False,Conforming Profile,33.7,0.0345,0.061,-12.024,3.401,"Composite Health Score: 45.00 (Median: 53.50, 2.3σ depressed)","Debt-to-Equity (Gearing): 6.38 (Median: 0.39, 2.1σ elevated)","AQI (Asset Quality Index): 0.88 (Median: 1.00, 2.0σ depressed)",,Low Risk (Unlikely Manipulation),,Distress Zone,2,,6.38,45.0
NESTLEIND,Nestle India Ltd,Consumer Staples,False,Conforming Profile,31.1,0.0432,0.088,-14.061,-1.223,"AQI (Asset Quality Index): 0.86 (Median: 1.00, 2.4σ depressed)","DSRI (Days Sales in Receivables): 5.00 (Median: 1.84, 2.0σ elevated)","LVGI (Leverage Index): 0.94 (Median: 1.00, 0.9σ depressed)",,Low Risk (Unlikely Manipulation),,Distress Zone,1,,0.09,53.5
BAJAJ-AUTO,Bajaj Auto Ltd,Consumer Discretionary,False,Conforming Profile,28.3,0.0529,-0.173,0.844,-1.701,"LVGI (Leverage Index): 1.23 (Median: 1.00, 3.3σ elevated)","DSRI (Days Sales in Receivables): 5.00 (Median: 1.84, 2.0σ elevated)","Piotroski F-Score (Operational Quality): 3.00 (Median: 2.00, 0.8σ elevated)",,Low Risk (Unlikely Manipulation),,Distress Zone,3,,0.17,53.5
JIOFIN,Jio Financial Services Ltd,Financials,False,Conforming Profile,28.2,0.0532,-0.11,-0.196,-1.878,"LVGI (Leverage Index): 1.24 (Median: 1.00, 3.5σ elevated)","DSRI (Days Sales in Receivables): 0.20 (Median: 1.84, 1.0σ depressed)","DEPI (Depreciation Rate Index): 2.27 (Median: 1.69, 0.5σ elevated)",,Low Risk (Unlikely Manipulation),,Financial (Z-Score N/A),2,,0.0,55.0
BHARTIARTL,Bharti Airtel Ltd,Communication Services,False,Conforming Profile,27.8,0.0546,-0.083,-4.115,0.227,"Piotroski F-Score (Operational Quality): 0.00 (Median: 2.00, 1.6σ depressed)","Composite Health Score: 47.50 (Median: 53.50, 1.6σ depressed)","Debt-to-Equity (Gearing): 2.59 (Median: 0.39, 0.8σ elevated)",,Low Risk (Unlikely Manipulation),,Distress Zone,0,,2.59,47.5
GAIL,GAIL (India) Ltd,Energy,False,Conforming Profile,27.7,0.0547,-0.219,2.034,-0.32,"DSRI (Days Sales in Receivables): 5.00 (Median: 1.84, 2.0σ elevated)","Piotroski F-Score (Operational Quality): 4.00 (Median: 2.00, 1.6σ elevated)","LVGI (Leverage Index): 0.92 (Median: 1.00, 1.2σ depressed)",,Low Risk (Unlikely Manipulation),,Distress Zone,4,,0.23,53.5
JSWENERGY,JSW Energy Ltd,Energy,False,Conforming Profile,27.6,0.0552,-0.32,9.959,-0.255,"AQI (Asset Quality Index): 1.10 (Median: 1.00, 1.7σ elevated)","LVGI (Leverage Index): 0.89 (Median: 1.00, 1.6σ depressed)","Composite Health Score: 50.00 (Median: 53.50, 0.9σ depressed)",,Low Risk (Unlikely Manipulation),,Distress Zone,1,,1.1,50.0
CHOLAFIN,Cholamandalam Investment & Finance Company Ltd,Financials,False,Conforming Profile,27.5,0.0556,-0.102,-0.053,3.635,"Debt-to-Equity (Gearing): 7.38 (Median: 0.39, 2.5σ elevated)","Composite Health Score: 45.00 (Median: 53.50, 2.3σ depressed)","DSRI (Days Sales in Receivables): 0.20 (Median: 1.84, 1.0σ depressed)",,Low Risk (Unlikely Manipulation),,Financial (Z-Score N/A),2,,7.38,45.0
BRITANNIA,Britannia Industries Ltd,Consumer Staples,False,Conforming Profile,27.2,0.0564,-0.183,0.878,-1.002,"LVGI (Leverage Index): 1.17 (Median: 1.00, 2.5σ elevated)","DSRI (Days Sales in Receivables): 5.00 (Median: 1.84, 2.0σ elevated)","Piotroski F-Score (Operational Quality): 3.00 (Median: 2.00, 0.8σ elevated)",,Low Risk (Unlikely Manipulation),,Distress Zone,3,,0.86,52.0
GODREJCP,Godrej Consumer Products Ltd,Consumer Staples,False,Conforming Profile,26.7,0.058,-0.144,1.841,-1.84,"LVGI (Leverage Index): 1.14 (Median: 1.00, 2.0σ elevated)","DEPI (Depreciation Rate Index): 0.45 (Median: 1.69, 1.0σ depressed)","DSRI (Days Sales in Receivables): 3.23 (Median: 1.84, 0.9σ elevated)",,Low Risk (Unlikely Manipulation),,Distress Zone,1,,0.31,53.5
PFC,Power Finance Corporation Ltd,Financials,False,Conforming Profile,26.7,0.0581,-0.078,-0.039,4.151,"Debt-to-Equity (Gearing): 8.27 (Median: 0.39, 2.8σ elevated)","Composite Health Score: 45.00 (Median: 53.50, 2.3σ depressed)","DSRI (Days Sales in Receivables): 0.20 (Median: 1.84, 1.0σ depressed)",,Low Risk (Unlikely Manipulation),,Financial (Z-Score N/A),2,,8.27,45.0
APOLLOHOSP,Apollo Hospitals Chain of Indian private hospitals,Healthcare,False,Conforming Profile,26.3,0.0594,-0.403,14.929,-0.68,"AQI (Asset Quality Index): 1.15 (Median: 1.00, 2.6σ elevated)","DSRI (Days Sales in Receivables): 3.65 (Median: 1.84, 1.1σ elevated)","Piotroski F-Score (Operational Quality): 3.00 (Median: 2.00, 0.8σ elevated)",,Low Risk (Unlikely Manipulation),,Distress Zone,3,,0.98,52.0
LT,Larsen & Toubro Ltd,Industrials,False,Conforming Profile,26.3,0.0594,-0.157,-1.052,-0.97,"DEPI (Depreciation Rate Index): 5.00 (Median: 1.69, 2.7σ elevated)","DSRI (Days Sales in Receivables): 5.00 (Median: 1.84, 2.0σ elevated)","Piotroski F-Score (Operational Quality): 3.00 (Median: 2.00, 0.8σ elevated)",,Low Risk (Unlikely Manipulation),,Distress Zone,3,,0.11,53.5
RECLTD,REC Ltd,Financials,False,Conforming Profile,26.0,0.0604,-0.121,-0.037,3.301,"Composite Health Score: 45.00 (Median: 53.50, 2.3σ depressed)","Debt-to-Equity (Gearing): 6.58 (Median: 0.39, 2.2σ elevated)","DSRI (Days Sales in Receivables): 0.20 (Median: 1.84, 1.0σ depressed)",,Low Risk (Unlikely Manipulation),,Financial (Z-Score N/A),2,,6.58,45.0
BAJAJFINSV,Bajaj Finserv Ltd,Financials,False,Conforming Profile,24.1,0.0669,-0.11,-0.091,1.659,"Composite Health Score: 47.50 (Median: 53.50, 1.6σ depressed)","Debt-to-Equity (Gearing): 4.66 (Median: 0.39, 1.5σ elevated)","DSRI (Days Sales in Receivables): 0.30 (Median: 1.84, 1.0σ depressed)",,Low Risk (Unlikely Manipulation),,Financial (Z-Score N/A),1,,4.66,47.5
TITAN,Titan Company Ltd,Consumer Discretionary,False,Conforming Profile,24.0,0.0672,-0.245,1.93,0.682,"Composite Health Score: 47.50 (Median: 53.50, 1.6σ depressed)","LVGI (Leverage Index): 1.07 (Median: 1.00, 1.0σ elevated)","DEPI (Depreciation Rate Index): 2.72 (Median: 1.69, 0.8σ elevated)",,Low Risk (Unlikely Manipulation),,Distress Zone,3,,2.22,47.5
MARUTI,Maruti Suzuki India Ltd,Consumer Discretionary,False,Conforming Profile,23.1,0.0703,-0.144,-0.071,-1.334,"DSRI (Days Sales in Receivables): 5.00 (Median: 1.84, 2.0σ elevated)","DEPI (Depreciation Rate Index): 3.17 (Median: 1.69, 1.2σ elevated)","Piotroski F-Score (Operational Quality): 3.00 (Median: 2.00, 0.8σ elevated)",,Low Risk (Unlikely Manipulation),,Distress Zone,3,,0.0,55.0
BAJFINANCE,Bajaj Finance Ltd,Financials,False,Conforming Profile,20.6,0.0787,-0.156,-0.067,1.52,"Composite Health Score: 47.50 (Median: 53.50, 1.6σ depressed)","DEPI (Depreciation Rate Index): 3.47 (Median: 1.69, 1.5σ elevated)","Debt-to-Equity (Gearing): 3.74 (Median: 0.39, 1.2σ elevated)",,Low Risk (Unlikely Manipulation),,Financial (Z-Score N/A),2,,3.74,47.5
BAJAJHLDNG,Bajaj Holdings & Investment Ltd,Financials,False,Conforming Profile,20.3,0.0798,-0.143,-0.071,-1.345,"DSRI (Days Sales in Receivables): 5.00 (Median: 1.84, 2.0σ elevated)","Piotroski F-Score (Operational Quality): 3.00 (Median: 2.00, 0.8σ elevated)","LVGI (Leverage Index): 1.05 (Median: 1.00, 0.7σ elevated)",,Low Risk (Unlikely Manipulation),,Financial (Z-Score N/A),3,,0.0,55.0
TATAMOTORS,Tata Motors Ltd,Consumer Discretionary,False,Conforming Profile,19.4,0.0828,-0.159,-3.024,0.233,"DEPI (Depreciation Rate Index): 3.67 (Median: 1.69, 1.6σ elevated)","Composite Health Score: 50.00 (Median: 53.50, 0.9σ depressed)","Piotroski F-Score (Operational Quality): 3.00 (Median: 2.00, 0.8σ elevated)",,Low Risk (Unlikely Manipulation),,Distress Zone,3,,1.05,50.0
TRENT,Trent Ltd,Consumer Discretionary,False,Conforming Profile,19.1,0.0836,-0.178,0.936,-0.856,"DEPI (Depreciation Rate Index): 4.30 (Median: 1.69, 2.2σ elevated)","DSRI (Days Sales in Receivables): 4.03 (Median: 1.84, 1.4σ elevated)","Piotroski F-Score (Operational Quality): 3.00 (Median: 2.00, 0.8σ elevated)",,Low Risk (Unlikely Manipulation),,Distress Zone,3,,0.39,53.5
HEROMOTOCO,Hero MotoCorp Ltd,Consumer Discretionary,False,Conforming Profile,18.7,0.0849,-0.21,3.885,-1.689,"DSRI (Days Sales in Receivables): 5.00 (Median: 1.84, 2.0σ elevated)","LVGI (Leverage Index): 1.08 (Median: 1.00, 1.2σ elevated)","AQI (Asset Quality Index): 1.04 (Median: 1.00, 0.7σ elevated)",,Low Risk (Unlikely Manipulation),,Distress Zone,2,,0.03,53.5
ABB,Abbott India Ltd,Industrials,False,Conforming Profile,18.5,0.0858,-0.148,-0.123,-1.296,"DEPI (Depreciation Rate Index): 4.80 (Median: 1.69, 2.6σ elevated)","LVGI (Leverage Index): 1.06 (Median: 1.00, 0.9σ elevated)","DSRI (Days Sales in Receivables): 1.18 (Median: 1.84, 0.4σ depressed)",,Low Risk (Unlikely Manipulation),,Distress Zone,2,,0.02,53.5
TATACONSUM,Tata Consumer Products Ltd,Consumer Staples,False,Conforming Profile,18.3,0.0863,-0.135,-1.976,-0.279,"LVGI (Leverage Index): 0.90 (Median: 1.00, 1.4σ depressed)","DEPI (Depreciation Rate Index): 0.38 (Median: 1.69, 1.1σ depressed)","Piotroski F-Score (Operational Quality): 3.00 (Median: 2.00, 0.8σ elevated)",,Low Risk (Unlikely Manipulation),,Distress Zone,3,,0.15,53.5
ICICIPRULI,ICICI Prudential Life Insurance Company Ltd,Financials,False,Conforming Profile,18.0,0.0875,-0.125,-0.079,-1.538,"DSRI (Days Sales in Receivables): 5.00 (Median: 1.84, 2.0σ elevated)","DEPI (Depreciation Rate Index): 2.89 (Median: 1.69, 1.0σ elevated)","Composite Health Score: 55.00 (Median: 53.50, 0.4σ elevated)",,Low Risk (Unlikely Manipulation),,Financial (Z-Score N/A),2,,0.0,55.0
SHRIRAMFIN,Shriram Finance Ltd,Financials,False,Conforming Profile,17.8,0.0881,-0.148,-0.066,1.626,"Composite Health Score: 47.50 (Median: 53.50, 1.6σ depressed)","Debt-to-Equity (Gearing): 3.97 (Median: 0.39, 1.3σ elevated)","DSRI (Days Sales in Receivables): 0.20 (Median: 1.84, 1.0σ depressed)",,Low Risk (Unlikely Manipulation),,Financial (Z-Score N/A),2,,3.97,47.5
ATGL,Adani Total Gas Ltd,Energy,False,Conforming Profile,17.6,0.0887,-0.062,-5.026,-0.743,"DSRI (Days Sales in Receivables): 3.70 (Median: 1.84, 1.2σ elevated)","LVGI (Leverage Index): 0.94 (Median: 1.00, 0.9σ depressed)","AQI (Asset Quality Index): 0.95 (Median: 1.00, 0.9σ depressed)",,Low Risk (Unlikely Manipulation),,Distress Zone,2,,0.37,53.5
IOC,Indian Oil Corporation,Energy,False,Conforming Profile,17.6,0.0887,-0.187,0.947,-0.535,"DSRI (Days Sales in Receivables): 4.85 (Median: 1.84, 1.9σ elevated)","Piotroski F-Score (Operational Quality): 3.00 (Median: 2.00, 0.8σ elevated)","LVGI (Leverage Index): 1.04 (Median: 1.00, 0.6σ elevated)",,Low Risk (Unlikely Manipulation),,Distress Zone,3,,0.9,52.0
HINDUNILVR,Hindustan Unilever Ltd,Consumer Staples,False,Conforming Profile,17.2,0.09,-0.222,4.902,-1.472,"DEPI (Depreciation Rate Index): 0.44 (Median: 1.69, 1.0σ depressed)","LVGI (Leverage Index): 1.07 (Median: 1.00, 1.0σ elevated)","DSRI (Days Sales in Receivables): 3.24 (Median: 1.84, 0.9σ elevated)",,Low Risk (Unlikely Manipulation),,Distress Zone,2,,0.03,53.5
DMART,Avenue Supermarts Ltd,Consumer Discretionary,False,Conforming Profile,16.7,0.0918,-0.145,-0.102,-1.576,"DSRI (Days Sales in Receivables): 5.00 (Median: 1.84, 2.0σ elevated)","LVGI (Leverage Index): 1.08 (Median: 1.00, 1.2σ elevated)","DEPI (Depreciation Rate Index): 1.03 (Median: 1.69, 0.6σ depressed)",,Low Risk (Unlikely Manipulation),,Distress Zone,2,,0.04,53.5
BPCL,Bharat Petroleum Corporation Ltd,Energy,False,Conforming Profile,16.4,0.0928,-0.187,1.931,-0.882,"DSRI (Days Sales in Receivables): 5.00 (Median: 1.84, 2.0σ elevated)","Composite Health Score: 52.00 (Median: 53.50, 0.4σ depressed)","AQI (Asset Quality Index): 1.02 (Median: 1.00, 0.3σ elevated)",,Low Risk (Unlikely Manipulation),,Distress Zone,2,,0.76,52.0
BOSCHLTD,Bosch Ltd,Consumer Discretionary,False,Conforming Profile,16.3,0.0932,-0.159,0.931,-1.015,"DEPI (Depreciation Rate Index): 3.91 (Median: 1.69, 1.8σ elevated)","Piotroski F-Score (Operational Quality): 3.00 (Median: 2.00, 0.8σ elevated)","Composite Health Score: 55.00 (Median: 53.50, 0.4σ elevated)",,Low Risk (Unlikely Manipulation),,Distress Zone,3,,0.0,55.0
ADANIPOWER,Adani Power Ltd,Energy,False,Conforming Profile,16.1,0.0938,0.014,-11.015,-0.138,"AQI (Asset Quality Index): 0.89 (Median: 1.00, 1.9σ depressed)","LVGI (Leverage Index): 0.93 (Median: 1.00, 1.0σ depressed)","DEPI (Depreciation Rate Index): 1.17 (Median: 1.69, 0.4σ depressed)",,Low Risk (Unlikely Manipulation),,Distress Zone,2,,0.67,52.0
SUNPHARMA,Sun Pharmaceuticals Industries Ltd,Healthcare,False,Conforming Profile,15.9,0.0945,-0.172,0.034,-0.18,"LVGI (Leverage Index): 0.85 (Median: 1.00, 2.2σ depressed)","Piotroski F-Score (Operational Quality): 3.00 (Median: 2.00, 0.8σ elevated)","DSRI (Days Sales in Receivables): 1.16 (Median: 1.84, 0.4σ depressed)",,Low Risk (Unlikely Manipulation),,Distress Zone,3,,0.04,53.5
SBILIFE,SBI Life Insurance Company Ltd,Financials,False,Conforming Profile,15.8,0.0947,-0.123,-0.066,-1.489,"DSRI (Days Sales in Receivables): 5.00 (Median: 1.84, 2.0σ elevated)","DEPI (Depreciation Rate Index): 1.19 (Median: 1.69, 0.4σ depressed)","Composite Health Score: 55.00 (Median: 53.50, 0.4σ elevated)",,Low Risk (Unlikely Manipulation),,Financial (Z-Score N/A),2,,0.0,55.0
DIVISLAB,Divis Laboratories Ltd,Healthcare,False,Conforming Profile,15.3,0.0967,-0.038,-4.085,-1.333,"Piotroski F-Score (Operational Quality): 1.00 (Median: 2.00, 0.8σ depressed)","AQI (Asset Quality Index): 0.96 (Median: 1.00, 0.7σ depressed)","DSRI (Days Sales in Receivables): 0.80 (Median: 1.84, 0.6σ depressed)",,Low Risk (Unlikely Manipulation),,Distress Zone,1,,0.0,55.0
NHPC,NHPC Ltd,Energy,False,Conforming Profile,15.2,0.0967,-0.066,-4.091,-0.644,"DSRI (Days Sales in Receivables): 0.31 (Median: 1.84, 0.9σ depressed)","Piotroski F-Score (Operational Quality): 1.00 (Median: 2.00, 0.8σ depressed)","AQI (Asset Quality Index): 0.96 (Median: 1.00, 0.7σ depressed)",,Low Risk (Unlikely Manipulation),,Distress Zone,1,,0.85,52.0
AMBUJACEM,Ambuja Cements Ltd,Materials,False,Conforming Profile,15.0,0.0975,0.135,-18.015,-0.453,"AQI (Asset Quality Index): 0.82 (Median: 1.00, 3.1σ depressed)","LVGI (Leverage Index): 0.94 (Median: 1.00, 0.9σ depressed)","DEPI (Depreciation Rate Index): 0.95 (Median: 1.69, 0.6σ depressed)",,Low Risk (Unlikely Manipulation),,Distress Zone,2,,0.02,53.5
LODHA,Macrotech Developers Ltd,Real Estate,False,Conforming Profile,14.1,0.1004,-0.117,-0.098,-1.029,"DEPI (Depreciation Rate Index): 2.97 (Median: 1.69, 1.1σ elevated)","DSRI (Days Sales in Receivables): 0.24 (Median: 1.84, 1.0σ depressed)","Piotroski F-Score (Operational Quality): 1.00 (Median: 2.00, 0.8σ depressed)",,Low Risk (Unlikely Manipulation),,Distress Zone,1,,0.44,53.5
DLF,DLF Ltd,Real Estate,False,Conforming Profile,13.6,0.1021,-0.139,-0.096,-1.079,"DSRI (Days Sales in Receivables): 0.20 (Median: 1.84, 1.0σ depressed)","LVGI (Leverage Index): 1.07 (Median: 1.00, 1.0σ elevated)","DEPI (Depreciation Rate Index): 0.73 (Median: 1.69, 0.8σ depressed)",,Low Risk (Unlikely Manipulation),,Distress Zone,2,,0.11,53.5
GRASIM,Grasim Industries Ltd,Industrials,False,Conforming Profile,12.9,0.1045,-0.158,0.91,-0.146,"Composite Health Score: 50.00 (Median: 53.50, 0.9σ depressed)","Piotroski F-Score (Operational Quality): 1.00 (Median: 2.00, 0.8σ depressed)","DSRI (Days Sales in Receivables): 0.80 (Median: 1.84, 0.6σ depressed)",,Low Risk (Unlikely Manipulation),,Distress Zone,1,,1.7,50.0
TORNTPHARM,Torrent Pharmaceuticals Ltd,Healthcare,False,Conforming Profile,12.3,0.1066,-0.28,8.947,-0.876,"AQI (Asset Quality Index): 1.09 (Median: 1.00, 1.5σ elevated)","LVGI (Leverage Index): 0.95 (Median: 1.00, 0.7σ depressed)","DEPI (Depreciation Rate Index): 1.81 (Median: 1.69, 0.1σ elevated)",,Low Risk (Unlikely Manipulation),,Distress Zone,2,,0.42,53.5
TATASTEEL,Tata Steel Ltd,Materials,False,Conforming Profile,12.3,0.1067,-0.247,2.955,-0.061,"Composite Health Score: 50.00 (Median: 53.50, 0.9σ depressed)","Piotroski F-Score (Operational Quality): 3.00 (Median: 2.00, 0.8σ elevated)","DSRI (Days Sales in Receivables): 2.87 (Median: 1.84, 0.6σ elevated)",,Low Risk (Unlikely Manipulation),,Distress Zone,3,,1.1,50.0
LICI,Life Insurance Corporation of India,Financials,False,Conforming Profile,12.2,0.1068,-0.12,-0.061,-1.262,"DEPI (Depreciation Rate Index): 0.44 (Median: 1.69, 1.0σ depressed)","DSRI (Days Sales in Receivables): 2.65 (Median: 1.84, 0.5σ elevated)","Composite Health Score: 55.00 (Median: 53.50, 0.4σ elevated)",,Low Risk (Unlikely Manipulation),,Financial (Z-Score N/A),2,,0.0,55.0
INFY,Infosys Ltd,Information Technology,False,Conforming Profile,12.1,0.1072,-0.078,-3.12,-1.447,"DEPI (Depreciation Rate Index): 2.90 (Median: 1.69, 1.0σ elevated)","Piotroski F-Score (Operational Quality): 1.00 (Median: 2.00, 0.8σ depressed)","AQI (Asset Quality Index): 0.97 (Median: 1.00, 0.5σ depressed)",,Low Risk (Unlikely Manipulation),,Distress Zone,1,,0.1,53.5
TCS,Tata Consultancy Services Ltd,Information Technology,False,Conforming Profile,11.3,0.1099,-0.165,0.922,-1.123,"DEPI (Depreciation Rate Index): 4.05 (Median: 1.69, 2.0σ elevated)","DSRI (Days Sales in Receivables): 2.60 (Median: 1.84, 0.5σ elevated)","LVGI (Leverage Index): 0.98 (Median: 1.00, 0.3σ depressed)",,Low Risk (Unlikely Manipulation),,Distress Zone,2,,0.09,53.5
HDFCLIFE,HDFC Life Insurance Company Ltd,Financials,False,Conforming Profile,11.3,0.1099,-0.148,-0.061,-1.305,"DSRI (Days Sales in Receivables): 5.00 (Median: 1.84, 2.0σ elevated)","DEPI (Depreciation Rate Index): 0.97 (Median: 1.69, 0.6σ depressed)","Debt-to-Equity (Gearing): 0.06 (Median: 0.39, 0.1σ depressed)",,Low Risk (Unlikely Manipulation),,Financial (Z-Score N/A),2,,0.06,53.5
SHREECEM,Shree Cement Ltd,Materials,False,Conforming Profile,11.2,0.1105,-0.055,-6.06,-0.917,"DEPI (Depreciation Rate Index): 3.30 (Median: 1.69, 1.3σ elevated)","AQI (Asset Quality Index): 0.94 (Median: 1.00, 1.0σ depressed)","LVGI (Leverage Index): 0.97 (Median: 1.00, 0.4σ depressed)",,Low Risk (Unlikely Manipulation),,Distress Zone,2,,0.08,53.5
ADANIENT,Adani Enterprises Ltd,Industrials,False,Conforming Profile,10.7,0.1119,-0.177,-0.033,0.544,"Composite Health Score: 50.00 (Median: 53.50, 0.9σ depressed)","Piotroski F-Score (Operational Quality): 3.00 (Median: 2.00, 0.8σ elevated)","DEPI (Depreciation Rate Index): 0.88 (Median: 1.69, 0.7σ depressed)",,Low Risk (Unlikely Manipulation),,Distress Zone,3,,1.92,50.0
JINDALSTEL,Jindal Steel & Power Ltd,Materials,False,Conforming Profile,10.7,0.1119,-0.071,-3.08,-1.161,"Piotroski F-Score (Operational Quality): 1.00 (Median: 2.00, 0.8σ depressed)","AQI (Asset Quality Index): 0.97 (Median: 1.00, 0.5σ depressed)","DEPI (Depreciation Rate Index): 1.10 (Median: 1.69, 0.5σ depressed)",,Low Risk (Unlikely Manipulation),,Distress Zone,1,,0.36,53.5
ITC,ITC Ltd,Consumer Staples,False,Conforming Profile,10.5,0.1126,-0.134,0.902,-1.474,"LVGI (Leverage Index): 1.06 (Median: 1.00, 0.9σ elevated)","Composite Health Score: 55.00 (Median: 53.50, 0.4σ elevated)","DEPI (Depreciation Rate Index): 1.23 (Median: 1.69, 0.4σ depressed)",,Low Risk (Unlikely Manipulation),,Distress Zone,2,,0.0,55.0
TVSMOTOR,TVS Motor Company Ltd,Consumer Discretionary,False,Conforming Profile,10.4,0.1128,-0.181,-0.034,0.63,"DEPI (Depreciation Rate Index): 2.84 (Median: 1.69, 0.9σ elevated)","Composite Health Score: 50.00 (Median: 53.50, 0.9σ depressed)","Piotroski F-Score (Operational Quality): 3.00 (Median: 2.00, 0.8σ elevated)",,Low Risk (Unlikely Manipulation),,Distress Zone,3,,1.88,50.0
ASIANPAINT,Asian Paints Indian Multi-National Paint and Coating Manufacturing Company,Materials,False,Conforming Profile,10.3,0.1134,-0.091,-2.119,-1.495,"Piotroski F-Score (Operational Quality): 1.00 (Median: 2.00, 0.8σ depressed)","LVGI (Leverage Index): 1.04 (Median: 1.00, 0.6σ elevated)","DEPI (Depreciation Rate Index): 2.13 (Median: 1.69, 0.4σ elevated)",,Low Risk (Unlikely Manipulation),,Distress Zone,1,,0.14,53.5
DABUR,Dabur India Ltd,Consumer Staples,False,Conforming Profile,9.6,0.1156,-0.209,2.928,-1.009,"LVGI (Leverage Index): 1.06 (Median: 1.00, 0.9σ elevated)","Piotroski F-Score (Operational Quality): 3.00 (Median: 2.00, 0.8σ elevated)","DSRI (Days Sales in Receivables): 3.00 (Median: 1.84, 0.7σ elevated)",,Low Risk (Unlikely Manipulation),,Distress Zone,3,,0.17,53.5
TATAPOWER,Tata Power Company Ltd,Energy,False,Conforming Profile,9.1,0.1174,-0.12,-4.021,0.625,"Composite Health Score: 50.00 (Median: 53.50, 0.9σ depressed)","Piotroski F-Score (Operational Quality): 3.00 (Median: 2.00, 0.8σ elevated)","AQI (Asset Quality Index): 0.96 (Median: 1.00, 0.7σ depressed)",,Low Risk (Unlikely Manipulation),,Distress Zone,3,,1.73,50.0
M&M,Mahindra & Mahindra Ltd,Consumer Discretionary,False,Conforming Profile,9.1,0.1173,-0.166,-0.075,0.135,"DEPI (Depreciation Rate Index): 2.88 (Median: 1.69, 1.0σ elevated)","Composite Health Score: 50.00 (Median: 53.50, 0.9σ depressed)","DSRI (Days Sales in Receivables): 0.85 (Median: 1.84, 0.6σ depressed)",,Low Risk (Unlikely Manipulation),,Distress Zone,2,,1.66,50.0
MOTHERSON,Samvardhana Motherson International Ltd,Consumer Discretionary,False,Conforming Profile,8.9,0.1179,-0.234,4.941,-0.577,"AQI (Asset Quality Index): 1.05 (Median: 1.00, 0.9σ elevated)","DEPI (Depreciation Rate Index): 2.25 (Median: 1.69, 0.5σ elevated)","LVGI (Leverage Index): 0.97 (Median: 1.00, 0.4σ depressed)",,Low Risk (Unlikely Manipulation),,Distress Zone,2,,0.78,52.0
EICHERMOT,Eicher Motors Ltd,Consumer Discretionary,False,Conforming Profile,7.7,0.122,-0.149,-0.087,-1.227,"DEPI (Depreciation Rate Index): 3.41 (Median: 1.69, 1.4σ elevated)","DSRI (Days Sales in Receivables): 2.70 (Median: 1.84, 0.5σ elevated)","LVGI (Leverage Index): 1.01 (Median: 1.00, 0.1σ elevated)",,Low Risk (Unlikely Manipulation),,Distress Zone,2,,0.02,53.5
BHEL,Bharat Heavy Electricals Limited,Industrials,False,Conforming Profile,7.3,0.1235,-0.155,-0.054,-0.518,"DSRI (Days Sales in Receivables): 0.42 (Median: 1.84, 0.9σ depressed)","Piotroski F-Score (Operational Quality): 3.00 (Median: 2.00, 0.8σ elevated)","LVGI (Leverage Index): 1.03 (Median: 1.00, 0.4σ elevated)",,Low Risk (Unlikely Manipulation),,Distress Zone,3,,0.38,53.5
PIDILITIND,Pidilite Industries Ltd,Materials,False,Conforming Profile,7.2,0.1237,-0.208,3.912,-1.344,"AQI (Asset Quality Index): 1.04 (Median: 1.00, 0.7σ elevated)","DSRI (Days Sales in Receivables): 2.92 (Median: 1.84, 0.7σ elevated)","LVGI (Leverage Index): 1.04 (Median: 1.00, 0.6σ elevated)",,Low Risk (Unlikely Manipulation),,Distress Zone,2,,0.04,53.5
POWERGRID,Power Grid Corporation of India Ltd,Energy,False,Conforming Profile,7.2,0.1237,-0.241,2.978,0.388,"Composite Health Score: 50.00 (Median: 53.50, 0.9σ depressed)","Piotroski F-Score (Operational Quality): 3.00 (Median: 2.00, 0.8σ elevated)","DSRI (Days Sales in Receivables): 0.90 (Median: 1.84, 0.6σ depressed)",,Low Risk (Unlikely Manipulation),,Distress Zone,3,,1.33,50.0
ONGC,Oil & Natural Gas Corpn Ltd,Energy,False,Conforming Profile,7.0,0.1243,-0.18,-0.045,-0.487,"Piotroski F-Score (Operational Quality): 3.00 (Median: 2.00, 0.8σ elevated)","DSRI (Days Sales in Receivables): 3.06 (Median: 1.84, 0.8σ elevated)","Composite Health Score: 52.00 (Median: 53.50, 0.4σ depressed)",,Low Risk (Unlikely Manipulation),,Distress Zone,3,,0.54,52.0
LTIM,LTIMindtree Ltd,Information Technology,False,Conforming Profile,6.8,0.1252,-0.152,-1.036,-0.704,"DEPI (Depreciation Rate Index): 2.82 (Median: 1.69, 0.9σ elevated)","Piotroski F-Score (Operational Quality): 3.00 (Median: 2.00, 0.8σ elevated)","DSRI (Days Sales in Receivables): 2.68 (Median: 1.84, 0.5σ elevated)",,Low Risk (Unlikely Manipulation),,Distress Zone,3,,0.11,53.5
JSWSTEEL,JSW Steel Ltd,Materials,False,Conforming Profile,6.8,0.1251,-0.229,1.97,0.16,"Composite Health Score: 50.00 (Median: 53.50, 0.9σ depressed)","Piotroski F-Score (Operational Quality): 3.00 (Median: 2.00, 0.8σ elevated)","AQI (Asset Quality Index): 1.02 (Median: 1.00, 0.3σ elevated)",,Low Risk (Unlikely Manipulation),,Distress Zone,3,,1.2,50.0
ICICIGI,ICICI Lombard General Insurance Company Ltd,Financials,False,Conforming Profile,6.6,0.1259,-0.138,0.927,-1.208,"DEPI (Depreciation Rate Index): 2.52 (Median: 1.69, 0.7σ elevated)","Composite Health Score: 55.00 (Median: 53.50, 0.4σ elevated)","DSRI (Days Sales in Receivables): 1.50 (Median: 1.84, 0.2σ depressed)",,Low Risk (Unlikely Manipulation),,Financial (Z-Score N/A),2,,0.0,55.0
IRCTC,Indian Railway Catering & Tourism Corporation Ltd,Consumer Discretionary,False,Conforming Profile,6.2,0.127,-0.178,1.905,-1.153,"DEPI (Depreciation Rate Index): 2.85 (Median: 1.69, 1.0σ elevated)","DSRI (Days Sales in Receivables): 0.80 (Median: 1.84, 0.6σ depressed)","LVGI (Leverage Index): 1.03 (Median: 1.00, 0.4σ elevated)",,Low Risk (Unlikely Manipulation),,Distress Zone,2,,0.01,53.5
NAUKRI,Info Edge (India) Ltd,Communication Services,False,Conforming Profile,6.0,0.1277,-0.161,0.906,-1.132,"DSRI (Days Sales in Receivables): 0.62 (Median: 1.84, 0.8σ depressed)","LVGI (Leverage Index): 1.04 (Median: 1.00, 0.6σ elevated)","DEPI (Depreciation Rate Index): 2.22 (Median: 1.69, 0.4σ elevated)",,Low Risk (Unlikely Manipulation),,Distress Zone,2,,0.01,53.5
HINDALCO,Hindalco Industries Ltd,Materials,False,Conforming Profile,5.6,0.1293,-0.222,3.929,-0.809,"AQI (Asset Quality Index): 1.04 (Median: 1.00, 0.7σ elevated)","Composite Health Score: 52.00 (Median: 53.50, 0.4σ depressed)","DSRI (Days Sales in Receivables): 2.44 (Median: 1.84, 0.4σ elevated)",,Low Risk (Unlikely Manipulation),,Distress Zone,2,,0.53,52.0
NTPC,NTPC Ltd,Energy,False,Conforming Profile,5.2,0.1305,-0.207,0.977,0.4,"Composite Health Score: 50.00 (Median: 53.50, 0.9σ depressed)","Piotroski F-Score (Operational Quality): 3.00 (Median: 2.00, 0.8σ elevated)","DEPI (Depreciation Rate Index): 1.18 (Median: 1.69, 0.4σ depressed)",,Low Risk (Unlikely Manipulation),,Distress Zone,3,,1.44,50.0
ADANIPORTS,Adani Ports & Special Economic Zone Ltd,Industrials,False,Conforming Profile,3.8,0.1353,-0.165,0.94,-0.406,"DEPI (Depreciation Rate Index): 0.98 (Median: 1.69, 0.6σ depressed)","DSRI (Days Sales in Receivables): 1.00 (Median: 1.84, 0.5σ depressed)","Composite Health Score: 52.00 (Median: 53.50, 0.4σ depressed)",,Low Risk (Unlikely Manipulation),,Distress Zone,2,,0.88,52.0
COALINDIA,Coal India Ltd,Materials,False,Conforming Profile,3.1,0.1375,-0.147,-0.038,-0.775,"LVGI (Leverage Index): 0.94 (Median: 1.00, 0.9σ depressed)","DSRI (Days Sales in Receivables): 1.06 (Median: 1.84, 0.5σ depressed)","Debt-to-Equity (Gearing): 0.08 (Median: 0.39, 0.1σ depressed)",,Low Risk (Unlikely Manipulation),,Distress Zone,2,,0.08,53.5
RELIANCE,Reliance Industries Ltd,Energy,False,Conforming Profile,2.8,0.1385,-0.124,-2.032,-0.492,"Piotroski F-Score (Operational Quality): 3.00 (Median: 2.00, 0.8σ elevated)","DEPI (Depreciation Rate Index): 1.22 (Median: 1.69, 0.4σ depressed)","AQI (Asset Quality Index): 0.98 (Median: 1.00, 0.3σ depressed)",,Low Risk (Unlikely Manipulation),,Distress Zone,3,,0.44,53.5
HAVELLS,Havells India Ltd,Industrials,False,Conforming Profile,2.4,0.14,-0.136,-2.025,-0.65,"Piotroski F-Score (Operational Quality): 3.00 (Median: 2.00, 0.8σ elevated)","AQI (Asset Quality Index): 0.98 (Median: 1.00, 0.3σ depressed)","LVGI (Leverage Index): 0.98 (Median: 1.00, 0.3σ depressed)",,Low Risk (Unlikely Manipulation),,Distress Zone,3,,0.04,53.5
HCLTECH,HCL Technologies Ltd,Information Technology,False,Conforming Profile,1.3,0.1437,-0.182,0.957,-0.737,"Piotroski F-Score (Operational Quality): 3.00 (Median: 2.00, 0.8σ elevated)","DEPI (Depreciation Rate Index): 2.13 (Median: 1.69, 0.4σ elevated)","AQI (Asset Quality Index): 1.01 (Median: 1.00, 0.2σ elevated)",,Low Risk (Unlikely Manipulation),,Distress Zone,3,,0.08,53.5
TECHM,Tech Mahindra Ltd,Information Technology,False,Conforming Profile,0.8,0.1452,-0.166,-0.043,-0.73,"Piotroski F-Score (Operational Quality): 3.00 (Median: 2.00, 0.8σ elevated)","DEPI (Depreciation Rate Index): 2.31 (Median: 1.69, 0.5σ elevated)","Debt-to-Equity (Gearing): 0.08 (Median: 0.39, 0.1σ depressed)",,Low Risk (Unlikely Manipulation),,Distress Zone,3,,0.08,53.5
CIPLA,Cipla Ltd,Healthcare,False,Conforming Profile,0.0,0.148,-0.147,-0.076,-1.088,"DEPI (Depreciation Rate Index): 1.97 (Median: 1.69, 0.2σ elevated)","DSRI (Days Sales in Receivables): 1.58 (Median: 1.84, 0.2σ depressed)","LVGI (Leverage Index): 1.01 (Median: 1.00, 0.1σ elevated)",,Low Risk (Unlikely Manipulation),,Distress Zone,2,,0.02,53.5
