company_id,company_name,current_market_price,median_fair_value,bear_case_p10,base_case_p50,bull_case_p90,prob_undervalued_pct,margin_of_safety_pct,simulated_wacc_mean_pct,simulated_rev_growth_mean_pct,verdict,simulations_count
ABB,Abbott India Ltd,4913.07,46.56,32.29,46.56,64.87,0.0,-99.1,12.4,12.5,Overvalued / Premium Pricing,2000
ADANIENSOL,Adani Energy Solutions Ltd,3701.81,,,,,0.0,,12.4,,Overvalued / Premium Pricing,2000
ADANIENT,Adani Enterprises Ltd,8686.54,1543.91,1.0,1543.91,3843.75,0.1,-82.2,12.4,12.7,Overvalued / Premium Pricing,2000
ADANIGREEN,Adani Green Energy Ltd,7223.66,66.79,1.0,66.79,440.68,0.0,-99.1,12.4,22.7,Overvalued / Premium Pricing,2000
ADANIPORTS,Adani Ports & Special Economic Zone Ltd,1343.11,302.02,187.27,302.02,461.09,0.0,-77.5,12.4,19.8,Overvalued / Premium Pricing,2000
ADANIPOWER,Adani Power Ltd,2486.47,415.53,252.47,415.53,632.31,0.0,-83.3,12.4,22.3,Overvalued / Premium Pricing,2000
AMBUJACEM,Ambuja Cements Ltd,831.3,50.85,33.53,50.85,74.56,0.0,-93.9,12.4,15.9,Overvalued / Premium Pricing,2000
APOLLOHOSP,Apollo Hospitals Chain of Indian private hospitals,2891.18,29.5,17.31,29.5,45.58,0.0,-99.0,12.4,16.1,Overvalued / Premium Pricing,2000
ASIANPAINT,Asian Paints Indian Multi-National Paint and Coating Manufacturing Company,3399.83,121.96,85.74,121.96,168.36,0.0,-96.4,12.4,12.0,Overvalued / Premium Pricing,2000
ATGL,Adani Total Gas Ltd,2968.97,30.9,20.2,30.9,45.1,0.0,-99.0,12.4,22.7,Overvalued / Premium Pricing,2000
AXISBANK,Axis Bank Ltd,385.82,1.0,1.0,1.0,1.0,0.0,-99.7,12.4,13.8,Overvalued / Premium Pricing,2000
BAJAJ-AUTO,Bajaj Auto Ltd,8093.27,1251.63,952.07,1251.63,1658.53,0.0,-84.5,12.4,8.2,Overvalued / Premium Pricing,2000
BAJAJFINSV,Bajaj Finserv Ltd,5501.46,1331.91,756.91,1331.91,2092.35,0.0,-75.8,12.4,22.7,Overvalued / Premium Pricing,2000
BAJAJHLDNG,Bajaj Holdings & Investment Ltd,2459.55,96.32,91.58,96.32,102.51,0.0,-96.1,12.4,22.7,Overvalued / Premium Pricing,2000
BAJFINANCE,Bajaj Finance Ltd,1802.56,96.26,9.97,96.26,207.25,0.0,-94.7,12.4,23.2,Overvalued / Premium Pricing,2000
BANKBARODA,Bank of Baroda,1701.46,1.0,1.0,1.0,1.0,0.1,-99.9,12.4,12.3,Overvalued / Premium Pricing,2000
BEL,Bharat Electronics Ltd,1998.73,72.68,52.32,72.68,97.81,0.0,-96.4,12.4,11.4,Overvalued / Premium Pricing,2000
BHARTIARTL,Bharti Airtel Ltd,5342.39,4681.65,2664.58,4681.65,7419.16,37.9,-12.4,12.4,6.8,Overvalued / Premium Pricing,2000
BHEL,Bharat Heavy Electricals Limited,3121.86,3.01,1.0,3.01,26.6,0.0,-99.9,12.4,3.7,Overvalued / Premium Pricing,2000
BOSCHLTD,Bosch Ltd,3468.11,32.8,24.26,32.8,45.04,0.0,-99.1,12.4,8.2,Overvalued / Premium Pricing,2000
BPCL,Bharat Petroleum Corporation Ltd,4933.55,3597.86,2259.46,3597.86,5517.46,18.3,-27.1,12.4,8.5,Overvalued / Premium Pricing,2000
BRITANNIA,Britannia Industries Ltd,353.52,30.15,22.19,30.15,40.28,0.0,-91.5,12.4,9.5,Overvalued / Premium Pricing,2000
CHOLAFIN,Cholamandalam Investment & Finance Company Ltd,1959.29,1.0,1.0,1.0,47.23,0.0,-99.9,12.4,19.9,Overvalued / Premium Pricing,2000
CIPLA,Cipla Ltd,3227.52,921.34,725.72,921.34,1187.62,0.0,-71.5,12.4,11.0,Overvalued / Premium Pricing,2000
COALINDIA,Coal India Ltd,2301.35,3071.47,2280.81,3071.47,4167.68,89.3,33.5,12.4,7.5,Attractive Buy (High Margin of Safety),2000
DABUR,Dabur India Ltd,2287.61,1026.89,807.35,1026.89,1296.56,0.0,-55.1,12.4,6.7,Overvalued / Premium Pricing,2000
DIVISLAB,Divis Laboratories Ltd,5735.4,79.43,52.11,79.43,116.7,0.0,-98.6,12.4,13.3,Overvalued / Premium Pricing,2000
DLF,DLF Ltd,4111.15,93.69,79.26,93.69,114.09,0.0,-97.7,12.4,3.7,Overvalued / Premium Pricing,2000
DMART,Avenue Supermarts Ltd,379.24,7.5,5.1,7.5,10.7,0.0,-98.0,12.4,23.5,Overvalued / Premium Pricing,2000
DRREDDY,Dr Reddys Laboratories Ltd,7889.67,220.7,154.94,220.7,301.99,0.0,-97.2,12.4,8.4,Overvalued / Premium Pricing,2000
EICHERMOT,Eicher Motors Ltd,1637.67,406.86,304.35,406.86,554.72,0.0,-75.2,12.4,10.9,Overvalued / Premium Pricing,2000
GAIL,GAIL (India) Ltd,383.65,39.14,26.08,39.14,57.49,0.0,-89.8,12.4,12.3,Overvalued / Premium Pricing,2000
GODREJCP,Godrej Consumer Products Ltd,7556.17,120.18,86.16,120.18,161.72,0.0,-98.4,12.4,7.6,Overvalued / Premium Pricing,2000
GRASIM,Grasim Industries Ltd,10518.26,5369.66,3081.12,5369.66,8501.16,2.9,-48.9,12.4,15.8,Overvalued / Premium Pricing,2000
HAL,Hindustan Aeronautics Ltd,7687.57,228.13,170.37,228.13,300.98,0.0,-97.0,12.4,7.1,Overvalued / Premium Pricing,2000
HAVELLS,Havells India Ltd,2128.37,13.93,9.11,13.93,20.91,0.0,-99.3,12.4,10.6,Overvalued / Premium Pricing,2000
HCLTECH,HCL Technologies Ltd,964.49,662.76,466.67,662.76,905.11,6.0,-31.3,12.4,15.9,Overvalued / Premium Pricing,2000
HDFCLIFE,HDFC Life Insurance Company Ltd,3426.9,17134.5,17134.5,17134.5,17134.5,100.0,400.0,12.4,22.7,Attractive Buy (High Margin of Safety),2000
HEROMOTOCO,Hero MotoCorp Ltd,1201.67,114.13,89.39,114.13,148.72,0.0,-90.5,12.4,4.6,Overvalued / Premium Pricing,2000
HINDALCO,Hindalco Industries Ltd,2910.72,3721.89,2553.63,3721.89,5431.41,79.0,27.9,12.4,10.6,Attractive Buy (High Margin of Safety),2000
HINDUNILVR,Hindustan Unilever Ltd,305.49,146.53,115.64,146.53,188.11,0.0,-52.0,12.4,8.0,Overvalued / Premium Pricing,2000
ICICIGI,ICICI Lombard General Insurance Company Ltd,2675.26,365.96,288.24,365.96,475.42,0.0,-86.3,12.4,16.8,Overvalued / Premium Pricing,2000
INDIGO,Interglobe Aviation Ltd,5956.44,3387.91,2410.2,3387.91,4666.74,0.9,-43.1,12.4,22.7,Overvalued / Premium Pricing,2000
INDUSINDBK,IndusInd Bank Ltd,7298.22,1.0,1.0,1.0,285.93,0.0,-100.0,12.4,18.8,Overvalued / Premium Pricing,2000
INFY,Infosys Ltd,6320.11,2179.99,1556.64,2179.99,2944.93,0.0,-65.5,12.4,13.1,Overvalued / Premium Pricing,2000
IOC,Indian Oil Corporation,897.62,352.86,212.9,352.86,554.61,0.4,-60.7,12.4,8.4,Overvalued / Premium Pricing,2000
IRCTC,Indian Railway Catering & Tourism Corporation Ltd,11199.06,190.47,126.59,190.47,275.28,0.0,-98.3,12.4,22.7,Overvalued / Premium Pricing,2000
IRFC,Indian Railway Finance Corporation Ltd,5420.54,1.0,1.0,1.0,1.0,0.0,-100.0,12.4,15.5,Overvalued / Premium Pricing,2000
ITC,ITC Ltd,13452.44,10199.72,7543.28,10199.72,13583.66,10.6,-24.2,12.4,7.9,Overvalued / Premium Pricing,2000
JINDALSTEL,Jindal Steel & Power Ltd,9322.13,2150.82,1282.27,2150.82,3379.96,0.0,-76.9,12.4,11.3,Overvalued / Premium Pricing,2000
JIOFIN,Jio Financial Services Ltd,9945.52,1041.87,1028.09,1041.87,1060.16,0.0,-89.5,12.4,10.0,Overvalued / Premium Pricing,2000
JSWENERGY,JSW Energy Ltd,7339.13,1276.35,450.76,1276.35,2409.38,0.0,-82.6,12.4,4.4,Overvalued / Premium Pricing,2000
JSWSTEEL,JSW Steel Ltd,1195.78,97.72,50.6,97.72,162.03,0.0,-91.8,12.4,16.9,Overvalued / Premium Pricing,2000
LICI,Life Insurance Corporation of India,316.49,1582.45,1582.45,1582.45,1582.45,100.0,400.0,12.4,8.2,Attractive Buy (High Margin of Safety),2000
LODHA,Macrotech Developers Ltd,3585.35,94.83,55.89,94.83,146.77,0.0,-97.4,12.4,21.0,Overvalued / Premium Pricing,2000
LT,Larsen & Toubro Ltd,2865.38,774.38,554.35,774.38,1043.41,0.0,-73.0,12.4,10.6,Overvalued / Premium Pricing,2000
LTIM,LTIMindtree Ltd,2189.87,168.82,116.28,168.82,238.78,0.0,-92.3,12.4,22.6,Overvalued / Premium Pricing,2000
M&M,Mahindra & Mahindra Ltd,5916.0,189.01,85.05,189.01,338.82,0.0,-96.8,12.4,8.4,Overvalued / Premium Pricing,2000
MARUTI,Maruti Suzuki India Ltd,5024.31,810.63,602.0,810.63,1099.14,0.0,-83.9,12.4,12.0,Overvalued / Premium Pricing,2000
MOTHERSON,Samvardhana Motherson International Ltd,3572.59,1944.8,1167.66,1944.8,2990.87,3.5,-45.6,12.4,13.6,Overvalued / Premium Pricing,2000
NAUKRI,Info Edge (India) Ltd,5037.85,471.18,447.51,471.18,503.5,0.0,-90.6,12.4,16.9,Overvalued / Premium Pricing,2000
NESTLEIND,Nestle India Ltd,1031.99,32.46,22.39,32.46,45.87,0.0,-96.9,12.4,9.9,Overvalued / Premium Pricing,2000
NHPC,NHPC Ltd,8867.11,9.54,1.0,9.54,76.37,0.0,-99.9,12.4,4.6,Overvalued / Premium Pricing,2000
NTPC,NTPC Ltd,491.77,128.03,49.51,128.03,233.87,0.1,-74.0,12.4,9.2,Overvalued / Premium Pricing,2000
ONGC,Oil & Natural Gas Corpn Ltd,9807.29,28512.83,17873.74,28512.83,42829.69,99.7,190.7,12.4,17.7,Attractive Buy (High Margin of Safety),2000
PFC,Power Finance Corporation Ltd,7863.42,1.0,1.0,1.0,1.0,0.0,-100.0,12.4,16.9,Overvalued / Premium Pricing,2000
PIDILITIND,Pidilite Industries Ltd,684.74,120.04,85.37,120.04,165.17,0.0,-82.5,12.4,12.0,Overvalued / Premium Pricing,2000
PNB,Punjab National Bank,260.84,10.94,4.71,10.94,19.85,0.0,-95.8,12.4,10.1,Overvalued / Premium Pricing,2000
POWERGRID,Power Grid Corporation of India Ltd,6793.93,2566.07,1480.95,2566.07,4027.87,0.1,-62.2,12.4,12.3,Overvalued / Premium Pricing,2000
RECLTD,REC Ltd,6990.29,1.0,1.0,1.0,1.0,0.0,-100.0,12.4,12.4,Overvalued / Premium Pricing,2000
RELIANCE,Reliance Industries Ltd,2566.52,8163.11,5166.94,8163.11,12507.84,99.9,218.1,12.4,10.7,Attractive Buy (High Margin of Safety),2000
SBILIFE,SBI Life Insurance Company Ltd,8028.33,6991.24,5972.42,6991.24,8343.86,15.9,-12.9,12.4,22.7,Overvalued / Premium Pricing,2000
SHREECEM,Shree Cement Ltd,2437.89,45.34,32.25,45.34,62.46,0.0,-98.1,12.4,14.6,Overvalued / Premium Pricing,2000
SHRIRAMFIN,Shriram Finance Ltd,1399.07,1.0,1.0,1.0,1.0,0.0,-99.9,12.4,16.3,Overvalued / Premium Pricing,2000
SIEMENS,Siemens Ltd,2994.57,63.11,41.34,63.11,94.38,0.0,-97.9,12.4,7.7,Overvalued / Premium Pricing,2000
SUNPHARMA,Sun Pharmaceuticals Industries Ltd,4526.74,638.5,434.76,638.5,917.35,0.0,-85.9,12.4,15.6,Overvalued / Premium Pricing,2000
TATACONSUM,Tata Consumer Products Ltd,3845.49,191.08,122.88,191.08,287.0,0.0,-95.0,12.4,7.8,Overvalued / Premium Pricing,2000
TATAMOTORS,Tata Motors Ltd,500.16,175.3,110.5,175.3,265.96,0.1,-65.0,12.4,8.9,Overvalued / Premium Pricing,2000
TATAPOWER,Tata Power Company Ltd,2694.83,67.09,21.27,67.09,132.77,0.0,-97.5,12.4,7.3,Overvalued / Premium Pricing,2000
TATASTEEL,Tata Steel Ltd,4917.08,912.19,178.22,912.19,1963.2,0.1,-81.4,12.4,7.7,Overvalued / Premium Pricing,2000
TCS,Tata Consultancy Services Ltd,5043.81,7631.63,5457.72,7631.63,10355.17,94.8,51.3,12.4,13.2,Attractive Buy (High Margin of Safety),2000
TECHM,Tech Mahindra Ltd,5812.51,133.44,88.92,133.44,192.55,0.0,-97.7,12.4,22.7,Overvalued / Premium Pricing,2000
TITAN,Titan Company Ltd,5290.62,120.6,60.08,120.6,200.64,0.0,-97.7,12.4,16.1,Overvalued / Premium Pricing,2000
TORNTPHARM,Torrent Pharmaceuticals Ltd,2248.34,33.61,20.75,33.61,51.49,0.0,-98.5,12.4,12.6,Overvalued / Premium Pricing,2000
TRENT,Trent Ltd,835.01,40.4,26.37,40.4,59.03,0.0,-95.2,12.4,20.5,Overvalued / Premium Pricing,2000
TVSMOTOR,TVS Motor Company Ltd,7640.79,1245.08,712.36,1245.08,1941.51,0.0,-83.7,12.4,16.5,Overvalued / Premium Pricing,2000
