company_id,metric,value,z_score,sector,sector_mean,sector_std
INDIGO,return_on_equity_pct,892.57,3.47,Consumer Discretionary,86.72,232.1
TVSMOTOR,debt_to_equity,3.83,2.86,Consumer Discretionary,0.7,1.1
TATAMOTORS,free_cash_flow_cr,45133.0,3.23,Consumer Discretionary,4444.14,12601.4
TRENT,revenue_cagr_5yr,36.31,2.58,Consumer Discretionary,13.61,8.8
INDIGO,pat_cagr_5yr,120.69,2.81,Consumer Discretionary,27.2,33.22
ADANIPOWER,return_on_equity_pct,48.28,2.7,Energy,17.93,11.24
ADANIGREEN,debt_to_equity,6.6,3.14,Energy,1.46,1.64
RELIANCE,dividend_yield_pct,4.21,2.55,Energy,1.38,1.11
ADANIGREEN,revenue_cagr_5yr,34.98,2.65,Energy,12.45,8.5
PNB,return_on_equity_pct,61.32,3.25,Financials,19.01,13.02
BAJAJHLDNG,net_profit_margin_pct,432.73,4.5,Financials,38.24,87.71
BAJAJHLDNG,revenue_cagr_5yr,31.61,2.61,Financials,17.74,5.3
