company_id,year,field,issue
ABB,PARSE_ERROR,year,Invalid year format: PARSE_ERROR
ADANIENSOL,PARSE_ERROR,year,Invalid year format: PARSE_ERROR
ADANIENT,PARSE_ERROR,year,Invalid year format: PARSE_ERROR
ADANIGREEN,PARSE_ERROR,year,Invalid year format: PARSE_ERROR
ADANIPORTS,PARSE_ERROR,year,Invalid year format: PARSE_ERROR
ADANIPORTS,PARSE_ERROR,year,Invalid year format: PARSE_ERROR
ADANIPOWER,PARSE_ERROR,year,Invalid year format: PARSE_ERROR
AMBUJACEM,PARSE_ERROR,year,Invalid year format: PARSE_ERROR
AMBUJACEM,PARSE_ERROR,year,Invalid year format: PARSE_ERROR
APOLLOHOSP,PARSE_ERROR,year,Invalid year format: PARSE_ERROR
ASIANPAINT,PARSE_ERROR,year,Invalid year format: PARSE_ERROR
ATGL,PARSE_ERROR,year,Invalid year format: PARSE_ERROR
BAJAJ-AUTO,PARSE_ERROR,year,Invalid year format: PARSE_ERROR
AXISBANK,PARSE_ERROR,year,Invalid year format: PARSE_ERROR
BAJAJFINSV,PARSE_ERROR,year,Invalid year format: PARSE_ERROR
BAJAJHLDNG,PARSE_ERROR,year,Invalid year format: PARSE_ERROR
BAJFINANCE,PARSE_ERROR,year,Invalid year format: PARSE_ERROR
BANKBARODA,PARSE_ERROR,year,Invalid year format: PARSE_ERROR
BHARTIARTL,PARSE_ERROR,year,Invalid year format: PARSE_ERROR
BEL,PARSE_ERROR,year,Invalid year format: PARSE_ERROR
BHEL,PARSE_ERROR,year,Invalid year format: PARSE_ERROR
BOSCHLTD,PARSE_ERROR,year,Invalid year format: PARSE_ERROR
BPCL,PARSE_ERROR,year,Invalid year format: PARSE_ERROR
BRITANNIA,PARSE_ERROR,year,Invalid year format: PARSE_ERROR
CANBK,PARSE_ERROR,year,Invalid year format: PARSE_ERROR
CHOLAFIN,PARSE_ERROR,year,Invalid year format: PARSE_ERROR
CIPLA,PARSE_ERROR,year,Invalid year format: PARSE_ERROR
COALINDIA,PARSE_ERROR,year,Invalid year format: PARSE_ERROR
DABUR,PARSE_ERROR,year,Invalid year format: PARSE_ERROR
DIVISLAB,PARSE_ERROR,year,Invalid year format: PARSE_ERROR
DLF,PARSE_ERROR,year,Invalid year format: PARSE_ERROR
DMART,PARSE_ERROR,year,Invalid year format: PARSE_ERROR
DRREDDY,PARSE_ERROR,year,Invalid year format: PARSE_ERROR
EICHERMOT,PARSE_ERROR,year,Invalid year format: PARSE_ERROR
GAIL,PARSE_ERROR,year,Invalid year format: PARSE_ERROR
GODREJCP,PARSE_ERROR,year,Invalid year format: PARSE_ERROR
GRASIM,PARSE_ERROR,year,Invalid year format: PARSE_ERROR
HAL,PARSE_ERROR,year,Invalid year format: PARSE_ERROR
HAVELLS,PARSE_ERROR,year,Invalid year format: PARSE_ERROR
HCLTECH,PARSE_ERROR,year,Invalid year format: PARSE_ERROR
HCLTECH,PARSE_ERROR,year,Invalid year format: PARSE_ERROR
HDFCBANK,PARSE_ERROR,year,Invalid year format: PARSE_ERROR
HDFCLIFE,PARSE_ERROR,year,Invalid year format: PARSE_ERROR
HEROMOTOCO,PARSE_ERROR,year,Invalid year format: PARSE_ERROR
HINDALCO,PARSE_ERROR,year,Invalid year format: PARSE_ERROR
HINDUNILVR,PARSE_ERROR,year,Invalid year format: PARSE_ERROR
ICICIBANK,PARSE_ERROR,year,Invalid year format: PARSE_ERROR
ICICIGI,PARSE_ERROR,year,Invalid year format: PARSE_ERROR
ICICIPRULI,PARSE_ERROR,year,Invalid year format: PARSE_ERROR
INDUSINDBK,PARSE_ERROR,year,Invalid year format: PARSE_ERROR
INFY,PARSE_ERROR,year,Invalid year format: PARSE_ERROR
IOC,PARSE_ERROR,year,Invalid year format: PARSE_ERROR
IRCTC,PARSE_ERROR,year,Invalid year format: PARSE_ERROR
IRFC,PARSE_ERROR,year,Invalid year format: PARSE_ERROR
ITC,PARSE_ERROR,year,Invalid year format: PARSE_ERROR
JINDALSTEL,PARSE_ERROR,year,Invalid year format: PARSE_ERROR
JIOFIN,PARSE_ERROR,year,Invalid year format: PARSE_ERROR
JSWENERGY,PARSE_ERROR,year,Invalid year format: PARSE_ERROR
JSWSTEEL,PARSE_ERROR,year,Invalid year format: PARSE_ERROR
KOTAKBANK,PARSE_ERROR,year,Invalid year format: PARSE_ERROR
LICI,PARSE_ERROR,year,Invalid year format: PARSE_ERROR
LODHA,PARSE_ERROR,year,Invalid year format: PARSE_ERROR
LT,PARSE_ERROR,year,Invalid year format: PARSE_ERROR
LTIM,PARSE_ERROR,year,Invalid year format: PARSE_ERROR
M&M,PARSE_ERROR,year,Invalid year format: PARSE_ERROR
MARUTI,PARSE_ERROR,year,Invalid year format: PARSE_ERROR
MOTHERSON,PARSE_ERROR,year,Invalid year format: PARSE_ERROR
NAUKRI,PARSE_ERROR,year,Invalid year format: PARSE_ERROR
NESTLEIND,PARSE_ERROR,year,Invalid year format: PARSE_ERROR
NHPC,PARSE_ERROR,year,Invalid year format: PARSE_ERROR
NTPC,PARSE_ERROR,year,Invalid year format: PARSE_ERROR
ONGC,PARSE_ERROR,year,Invalid year format: PARSE_ERROR
PFC,PARSE_ERROR,year,Invalid year format: PARSE_ERROR
PIDILITIND,PARSE_ERROR,year,Invalid year format: PARSE_ERROR
PNB,PARSE_ERROR,year,Invalid year format: PARSE_ERROR
POWERGRID,PARSE_ERROR,year,Invalid year format: PARSE_ERROR
RECLTD,PARSE_ERROR,year,Invalid year format: PARSE_ERROR
RELIANCE,PARSE_ERROR,year,Invalid year format: PARSE_ERROR
SBILIFE,PARSE_ERROR,year,Invalid year format: PARSE_ERROR
SBIN,PARSE_ERROR,year,Invalid year format: PARSE_ERROR
SHREECEM,PARSE_ERROR,year,Invalid year format: PARSE_ERROR
SHREECEM,PARSE_ERROR,year,Invalid year format: PARSE_ERROR
SHRIRAMFIN,PARSE_ERROR,year,Invalid year format: PARSE_ERROR
SUNPHARMA,PARSE_ERROR,year,Invalid year format: PARSE_ERROR
TATACONSUM,PARSE_ERROR,year,Invalid year format: PARSE_ERROR
TATAMOTORS,PARSE_ERROR,year,Invalid year format: PARSE_ERROR
TATAPOWER,PARSE_ERROR,year,Invalid year format: PARSE_ERROR
TATASTEEL,PARSE_ERROR,year,Invalid year format: PARSE_ERROR
TCS,PARSE_ERROR,year,Invalid year format: PARSE_ERROR
TECHM,PARSE_ERROR,year,Invalid year format: PARSE_ERROR
TITAN,PARSE_ERROR,year,Invalid year format: PARSE_ERROR
TORNTPHARM,PARSE_ERROR,year,Invalid year format: PARSE_ERROR
TRENT,PARSE_ERROR,year,Invalid year format: PARSE_ERROR
TVSMOTOR,PARSE_ERROR,year,Invalid year format: PARSE_ERROR
INDIGO,PARSE_ERROR,year,Invalid year format: PARSE_ERROR
